,age,absences,failures,grade_1,travel_time,study_time,fam_rel,free_time,go_out,dalc,walc,health,medu,fedu,activities,nursery,internet,romantic,family_support,school_support,extra_paid_classes,wants_higher_edu,subject_por,school_gp,address_urban,famsize_gt3,p_status_together,sex_female,has_educated_parent,health_mjob,other_mjob,services_mjob,teacher_mjob,health_fjob,other_fjob,services_fjob,teacher_fjob,home_reason,other_reason,reputation_reason,mother_guardian,other_guardian
0,16,12,0,15,1,1,3,2,1,1,4,5,3,4,0,1,1,0,0,0,0,1,1,1,1,1,0,1,1,0,0,1,0,0,1,0,0,0,0,0,0,0
1,17,2,0,17,1,2,5,3,4,1,3,3,3,2,1,0,1,0,0,0,0,1,1,1,1,1,1,1,0,0,1,0,0,0,1,0,0,0,0,0,1,0
2,16,0,2,9,2,1,4,4,5,3,5,5,1,2,0,0,1,0,0,0,0,1,1,1,1,0,1,0,0,1,0,0,0,0,0,1,0,0,0,0,1,0
3,17,4,0,14,2,2,4,4,3,1,1,3,2,3,1,1,1,0,0,0,0,1,1,0,1,1,1,0,0,0,1,0,0,0,0,1,0,1,0,0,0,0
4,16,2,0,12,2,1,4,3,2,1,4,5,1,1,0,1,0,0,1,0,0,1,1,1,1,1,1,1,0,0,0,0,0,0,1,0,0,1,0,0,1,0
5,18,2,0,11,2,1,3,3,4,4,5,4,3,1,1,1,1,1,0,0,0,1,1,1,1,0,1,0,0,0,0,1,0,0,0,1,0,0,0,0,1,0
6,18,6,0,11,2,2,1,1,1,1,1,5,1,1,1,1,0,0,0,0,0,1,1,0,1,1,1,1,0,0,1,0,0,0,1,0,0,0,0,0,1,0
7,15,0,0,13,2,1,1,5,1,3,5,5,4,4,0,1,1,1,0,0,0,1,1,0,0,1,1,1,1,0,0,0,1,0,1,0,0,0,0,0,1,0
8,15,10,0,7,1,2,4,4,4,1,1,5,3,2,0,1,1,0,1,0,1,1,0,1,1,0,1,1,0,0,0,1,0,0,1,0,0,0,0,1,1,0
9,16,4,0,9,3,2,3,4,5,1,2,5,3,4,0,0,0,0,0,0,0,1,1,0,0,1,1,0,1,0,1,0,0,1,0,0,0,0,1,0,1,0
10,15,0,0,12,1,1,4,3,3,1,3,5,4,4,1,1,1,0,1,0,0,1,1,1,1,0,1,0,1,1,0,0,0,0,0,1,0,0,0,0,0,0
11,18,6,0,16,1,2,4,3,3,1,3,5,3,4,1,1,1,1,0,0,0,1,1,1,1,0,1,0,1,0,0,1,0,0,1,0,0,1,0,0,1,0
12,18,7,0,6,3,1,4,4,3,2,2,5,4,4,1,1,1,1,1,0,1,1,0,0,0,1,1,1,1,0,0,0,1,0,0,0,0,0,0,1,1,0
13,15,0,0,11,1,2,4,3,3,2,3,5,4,3,1,1,1,0,1,0,0,1,1,1,1,1,1,0,1,0,0,0,1,0,1,0,0,1,0,0,1,0
14,16,4,0,8,1,2,4,3,4,1,2,2,2,2,0,1,0,0,1,0,0,1,0,1,1,0,1,1,0,0,0,0,0,0,1,0,0,0,0,0,1,0
15,17,20,1,9,3,2,5,2,4,1,4,5,1,3,1,1,1,0,1,0,0,1,0,1,0,1,1,0,0,0,1,0,0,0,1,0,0,0,0,0,0,0
16,16,14,2,6,1,1,1,2,2,1,3,5,2,2,0,0,1,0,1,0,1,1,0,1,1,1,1,1,0,0,0,1,0,0,0,1,0,1,0,0,1,0
17,18,2,0,11,1,2,4,4,4,3,3,5,4,4,0,1,1,0,1,0,1,1,0,1,1,1,1,1,1,0,0,0,1,0,1,0,0,0,0,0,1,0
18,15,11,0,12,1,1,4,3,3,1,2,5,2,1,1,1,1,0,0,0,0,1,1,0,1,0,0,0,0,0,0,1,0,0,0,1,0,0,0,0,1,0
19,17,0,1,8,3,1,5,2,1,1,2,1,1,1,0,1,1,1,1,0,0,1,1,0,0,1,1,1,0,0,1,0,0,0,0,1,0,0,0,1,1,0
20,16,0,0,8,1,1,3,1,3,1,3,1,3,1,1,1,1,0,0,0,0,1,1,0,1,1,1,1,0,0,1,0,0,0,1,0,0,0,0,0,1,0
21,17,0,0,13,1,2,5,2,5,1,1,5,4,4,0,1,1,0,1,0,0,1,1,0,1,1,1,1,1,1,0,0,0,1,0,0,0,0,0,0,0,0
22,16,0,0,12,1,2,3,3,4,1,1,4,2,2,0,1,1,0,1,1,1,1,0,1,1,1,0,1,0,0,1,0,0,0,1,0,0,0,0,1,1,0
23,15,6,0,10,4,4,1,3,5,3,5,1,4,4,1,1,1,1,1,0,1,1,0,1,0,1,1,0,1,0,1,0,0,0,1,0,0,1,0,0,0,0
24,16,2,0,8,1,2,3,3,2,1,1,3,2,2,0,0,0,1,0,0,0,1,1,0,0,1,0,1,0,1,0,0,0,0,1,0,0,0,0,0,1,0
25,16,2,0,14,2,1,3,3,2,1,3,3,2,1,1,0,0,0,0,0,0,1,1,1,0,1,1,0,0,0,1,0,0,0,1,0,0,0,0,0,1,0
26,18,0,0,13,2,3,4,2,2,2,2,5,4,4,0,1,1,1,0,0,1,1,0,0,1,0,1,0,1,0,0,0,1,0,0,1,0,0,1,0,1,0
27,17,24,1,18,2,1,4,2,4,2,3,2,4,4,0,1,1,0,1,0,0,1,0,1,1,1,1,1,1,0,0,1,0,0,0,0,1,1,0,0,1,0
28,15,4,0,15,1,1,2,2,4,2,4,1,4,2,0,1,1,0,0,0,1,1,0,1,1,1,1,0,1,1,0,0,0,0,0,1,0,0,1,0,1,0
29,15,4,0,10,2,1,5,4,4,2,3,5,3,3,0,1,1,0,1,0,0,1,1,0,0,1,1,1,0,0,0,0,0,0,1,0,0,0,0,0,1,0
30,18,11,0,12,1,2,4,3,2,1,4,5,4,2,1,1,1,1,1,0,1,1,0,1,1,1,1,0,1,0,0,0,1,0,1,0,0,1,0,0,1,0
31,15,2,0,9,1,2,4,3,2,1,1,5,1,2,1,1,1,0,1,1,0,1,0,1,1,0,1,0,0,0,1,0,0,0,0,0,0,1,0,0,0,0
32,17,2,0,12,1,3,4,4,2,1,2,4,4,4,0,1,1,0,1,0,0,1,1,1,1,0,0,0,1,1,0,0,0,0,1,0,0,0,0,1,1,0
33,16,0,0,13,2,1,5,3,3,1,1,3,2,3,0,1,1,0,0,0,0,1,1,1,1,1,1,0,0,0,1,0,0,0,1,0,0,1,0,0,0,0
34,16,0,0,14,1,4,2,2,1,1,1,5,1,1,1,1,1,0,1,1,0,1,1,0,1,1,1,1,0,0,1,0,0,0,1,0,0,0,0,0,0,1
35,17,10,0,16,1,2,4,4,4,1,2,5,3,2,0,1,1,0,1,0,0,1,1,1,1,0,0,0,0,0,1,0,0,0,1,0,0,0,0,1,1,0
36,16,0,0,11,1,2,4,5,2,1,2,3,4,4,0,1,1,0,1,0,0,1,1,1,1,0,1,1,1,0,0,0,1,0,0,0,1,0,0,1,1,0
37,17,0,0,13,2,2,3,2,2,1,2,3,1,2,0,0,0,0,0,0,0,1,1,0,0,1,1,1,0,0,1,0,0,0,0,1,0,0,0,0,0,0
38,16,4,0,12,1,1,5,3,4,1,2,1,4,4,1,0,1,0,0,0,0,1,1,1,1,1,1,1,1,0,1,0,0,0,1,0,0,0,0,1,1,0
39,18,10,0,10,1,2,5,4,5,1,3,5,4,2,1,1,1,1,1,0,1,1,0,1,1,1,1,0,1,1,0,0,0,0,1,0,0,0,0,1,0,0
40,17,4,0,12,3,1,4,2,3,3,4,4,1,1,0,0,0,0,0,0,0,0,1,0,0,1,1,0,0,0,1,0,0,0,0,1,0,0,1,0,0,0
41,19,4,3,6,2,1,3,2,1,1,1,3,3,2,1,1,0,0,0,0,0,1,1,0,1,1,1,0,0,0,0,0,0,0,0,1,0,0,0,0,1,0
42,18,0,1,12,3,1,4,3,2,1,1,4,1,0,0,1,0,0,1,1,0,1,1,0,0,1,1,0,0,0,0,0,0,0,0,0,0,0,0,0,0,1
43,18,0,0,13,1,3,4,3,3,2,2,3,4,4,1,1,1,0,0,0,0,1,1,1,1,1,1,0,1,0,1,0,0,0,1,0,0,0,0,0,1,0
44,16,2,0,11,2,1,3,3,3,1,1,4,4,3,1,0,1,0,1,1,0,1,0,1,0,1,1,0,1,0,0,1,0,0,1,0,0,0,0,1,1,0
45,15,8,0,15,1,2,3,2,2,1,1,5,4,4,1,1,0,0,1,0,0,1,1,1,1,1,1,0,1,0,0,0,1,1,0,0,0,0,0,1,1,0
46,15,2,0,15,2,2,4,3,1,1,1,5,4,4,1,1,1,0,1,0,0,1,1,1,1,1,1,0,1,0,0,1,0,0,0,1,0,0,0,1,1,0
47,15,0,0,9,2,1,5,2,1,1,3,4,1,1,0,1,0,1,1,0,0,0,1,0,0,0,1,1,0,0,0,0,0,0,1,0,0,0,0,0,1,0
48,17,8,0,8,3,1,5,5,5,5,5,3,2,1,1,1,0,1,0,0,0,0,1,0,0,1,1,0,0,0,1,0,0,0,1,0,0,0,1,0,1,0
49,16,2,0,10,1,3,3,4,4,2,4,4,4,3,1,1,1,0,1,1,1,1,0,1,1,1,1,1,1,0,0,0,1,1,0,0,0,1,0,0,1,0
50,16,6,0,11,2,1,3,4,4,3,4,5,1,1,1,1,0,0,0,0,0,1,1,0,0,1,1,0,0,0,0,0,0,0,1,0,0,0,1,0,0,0
51,17,2,0,12,1,2,5,3,3,1,3,3,2,3,0,0,1,0,1,0,1,1,0,1,1,0,1,0,0,0,0,1,0,0,0,1,0,0,0,1,0,0
52,16,0,0,13,2,1,5,4,2,1,1,5,3,3,1,1,1,0,0,0,0,1,0,1,1,1,1,0,0,0,1,0,0,0,0,1,0,1,0,0,0,0
53,17,0,0,16,1,2,4,4,2,5,5,4,2,2,1,0,1,1,0,0,0,1,1,1,1,0,1,0,0,0,1,0,0,0,1,0,0,1,0,0,0,0
54,19,8,1,10,3,2,5,4,4,3,3,2,1,1,0,1,1,0,0,0,0,1,1,0,0,1,1,0,0,0,1,0,0,0,0,1,0,1,0,0,0,1
55,18,0,0,14,1,3,5,4,5,2,3,5,4,3,0,1,1,1,1,0,0,1,1,1,1,1,1,0,1,0,0,0,1,0,1,0,0,0,0,0,1,0
56,17,0,1,10,2,4,5,4,5,3,4,5,3,3,1,1,0,0,1,0,1,1,1,0,1,1,1,0,0,0,0,1,0,0,0,0,0,0,0,0,1,0
57,16,2,0,14,1,1,3,4,4,3,3,1,1,1,0,1,1,0,0,0,0,1,0,1,1,0,1,1,0,0,0,0,0,0,0,0,0,0,0,0,1,0
58,19,0,0,11,1,1,5,3,4,2,2,5,3,2,0,0,0,1,1,0,0,1,1,1,0,1,1,0,0,0,0,0,0,0,0,1,0,1,0,0,0,1
59,16,0,0,15,1,2,4,2,3,1,2,5,2,1,1,1,1,1,0,0,1,1,0,1,1,0,1,0,0,0,1,0,0,0,1,0,0,0,0,0,1,0
60,15,0,3,8,4,1,4,5,5,2,5,5,2,1,0,1,1,0,0,0,0,1,0,1,1,0,0,0,0,0,0,1,0,0,1,0,0,0,0,0,1,0
61,18,4,0,0,2,2,4,3,4,1,1,3,4,4,0,1,0,0,0,1,0,1,1,1,1,1,0,1,1,0,0,0,0,0,0,0,1,0,0,0,1,0
62,18,8,0,12,2,1,3,2,4,1,4,1,4,3,0,1,1,0,1,0,0,1,1,1,1,0,1,1,1,1,0,0,0,0,0,1,0,0,0,0,1,0
63,16,8,0,12,2,1,3,3,3,1,2,1,1,1,1,1,0,1,1,0,0,1,1,1,0,1,1,1,0,0,1,0,0,0,0,1,0,0,0,1,1,0
64,16,0,0,13,1,3,5,3,2,1,1,5,4,4,1,0,1,0,1,0,0,1,0,1,1,1,1,1,1,0,0,0,1,0,0,1,0,1,0,0,1,0
65,17,6,0,12,2,2,4,4,4,2,3,5,2,2,0,1,1,1,1,1,0,1,1,1,1,0,1,1,0,0,0,1,0,0,1,0,0,0,0,0,1,0
66,15,2,0,10,1,2,4,3,2,1,1,5,1,2,0,0,1,0,1,0,1,1,0,1,1,1,1,1,0,0,0,0,0,0,1,0,0,0,0,0,1,0
67,18,4,0,8,2,2,1,3,1,1,1,2,2,2,0,0,1,1,1,0,0,1,1,0,1,1,1,1,0,0,1,0,0,0,1,0,0,0,0,0,1,0
68,15,16,0,11,2,2,4,3,5,1,1,2,3,2,0,1,1,0,1,1,0,1,1,1,1,1,1,1,0,0,0,1,0,0,1,0,0,1,0,0,1,0
69,15,12,0,16,2,4,4,4,2,2,3,3,3,1,0,0,1,0,1,0,0,1,0,1,0,0,1,1,0,0,1,0,0,0,1,0,0,0,0,1,0,0
70,17,10,0,11,2,3,4,2,2,2,3,5,3,3,0,1,1,1,1,0,0,1,1,1,1,1,1,1,0,0,0,1,0,0,1,0,0,1,0,0,1,0
71,18,0,1,7,2,1,5,4,3,4,3,3,4,2,0,1,0,0,0,0,1,1,1,0,0,1,1,0,1,0,1,0,0,0,1,0,0,1,0,0,0,0
72,18,8,1,8,1,2,2,3,2,1,3,1,2,4,0,1,1,0,1,0,0,1,1,0,1,1,0,1,1,0,1,0,0,0,0,1,0,0,0,1,0,0
73,16,14,0,12,1,2,1,2,2,1,2,1,3,2,0,1,1,0,1,0,1,1,0,1,1,1,1,1,0,0,1,0,0,0,1,0,0,0,0,1,1,0
74,17,14,0,6,1,1,3,5,5,1,3,1,1,2,1,1,1,0,0,0,0,1,0,0,0,1,1,1,0,0,1,0,0,0,1,0,0,0,0,0,1,0
75,18,8,0,10,1,1,5,4,4,3,4,2,4,3,0,1,1,0,1,0,0,1,1,0,0,1,0,1,1,0,0,1,0,0,0,1,0,0,0,0,1,0
76,16,7,0,14,1,1,5,4,5,1,1,3,4,3,1,0,1,0,0,0,0,1,1,1,1,0,1,0,1,0,0,0,1,0,1,0,0,0,0,0,1,0
77,17,4,0,10,2,2,4,4,4,4,4,4,4,3,1,1,1,0,0,0,1,1,0,1,1,0,1,0,1,0,0,0,1,0,1,0,0,0,0,0,1,0
78,18,6,0,10,2,2,4,3,3,1,4,5,1,1,1,1,0,0,1,0,0,1,1,0,1,0,1,0,0,0,0,0,0,0,0,0,0,0,0,0,1,0
79,16,0,0,8,1,2,4,4,5,1,3,3,1,2,1,1,1,0,0,0,0,0,1,0,0,0,1,1,0,0,0,0,0,0,1,0,0,0,0,0,1,0
80,15,4,0,10,3,3,5,2,2,1,1,4,2,1,1,1,1,0,1,0,0,1,0,1,1,1,1,1,0,0,0,1,0,0,1,0,0,0,0,1,0,0
81,15,4,0,16,1,1,4,5,5,1,3,1,4,3,1,1,1,0,0,0,1,1,0,1,1,1,1,1,1,0,0,1,0,0,1,0,0,0,0,1,1,0
82,17,4,2,7,2,2,4,4,4,1,4,3,3,2,0,1,1,1,1,1,0,1,1,1,0,1,1,0,0,0,1,0,0,0,1,0,0,0,0,0,1,0
83,19,0,3,8,2,2,3,5,4,1,4,1,1,1,1,1,0,1,1,0,0,0,1,0,0,1,0,1,0,0,0,0,0,0,0,0,0,0,0,0,0,1
84,15,4,1,6,2,1,4,4,3,1,2,2,1,1,0,1,1,1,1,0,0,1,1,0,0,0,1,1,0,0,1,0,0,0,0,1,0,0,0,0,1,0
85,16,0,0,13,2,2,3,4,4,1,4,5,2,2,1,0,1,0,0,0,0,1,1,1,1,1,1,1,0,0,0,1,0,0,1,0,0,0,0,1,1,0
86,15,0,0,15,1,2,4,3,2,1,1,1,4,3,1,1,1,0,1,0,0,1,1,1,1,1,0,1,1,0,0,1,0,0,0,1,0,0,0,1,1,0
87,16,12,1,11,2,2,4,4,2,1,1,3,2,2,1,0,1,0,0,0,1,1,0,1,1,1,1,0,0,0,0,1,0,0,1,0,0,0,0,1,0,0
88,15,2,0,11,1,2,4,4,4,1,1,1,2,3,1,1,0,0,0,1,1,1,0,1,0,1,1,0,0,0,0,0,0,0,0,1,0,0,0,0,1,0
89,19,10,0,7,1,1,5,3,4,1,4,4,2,1,0,1,1,0,0,0,0,1,1,1,1,1,1,0,0,0,1,0,0,0,1,0,0,0,0,1,1,0
90,16,4,0,11,1,2,3,4,3,2,3,3,4,3,1,1,1,0,1,0,1,1,1,1,1,1,1,0,1,0,0,0,1,0,1,0,0,1,0,0,1,0
91,17,2,0,11,2,2,4,2,1,1,1,3,2,3,1,1,1,1,0,0,0,1,1,1,1,1,1,1,0,0,1,0,0,0,1,0,0,0,0,0,0,0
92,18,16,1,9,1,2,5,3,3,1,1,4,3,1,1,1,1,1,0,0,0,1,0,1,0,1,1,1,0,0,1,0,0,0,1,0,0,0,0,1,1,0
93,18,0,0,16,3,2,4,3,4,1,4,5,1,2,0,1,0,1,0,0,0,1,1,0,0,0,0,1,0,0,0,0,0,0,1,0,0,0,0,0,1,0
94,18,11,0,16,1,2,4,3,3,1,3,5,3,4,1,1,1,1,0,0,0,1,0,1,1,0,1,0,1,0,0,1,0,0,1,0,0,1,0,0,1,0
95,21,21,2,9,2,2,5,3,3,5,2,4,1,1,1,1,1,1,1,0,0,0,1,1,0,0,1,0,0,0,0,0,0,0,1,0,0,0,0,0,0,1
96,18,1,0,13,1,2,5,4,3,3,4,2,4,4,1,1,1,0,0,0,0,1,1,0,0,0,1,1,1,0,0,0,1,0,0,1,0,0,0,0,1,0
97,16,18,0,14,1,1,3,4,4,1,4,5,4,4,1,1,1,0,1,0,0,1,0,1,1,1,1,0,1,1,0,0,0,0,1,0,0,0,0,0,1,0
98,15,2,0,14,1,1,3,4,3,1,2,4,3,4,0,1,1,0,0,0,0,1,1,1,1,1,1,0,1,0,1,0,0,0,1,0,0,0,0,1,0,0
99,15,4,0,13,1,3,4,3,3,1,1,5,4,4,1,1,1,1,1,0,0,1,1,1,1,1,1,1,1,0,0,1,0,0,0,0,0,0,0,0,1,0
100,16,5,0,13,1,3,4,3,4,1,1,3,1,2,0,0,1,1,1,1,0,1,1,0,0,1,1,1,0,0,1,0,0,0,1,0,0,1,0,0,0,0
101,17,22,0,11,2,1,4,5,4,2,4,5,4,1,1,1,1,1,0,0,0,1,1,1,1,0,0,0,1,0,0,1,0,0,1,0,0,1,0,0,1,0
102,16,0,0,17,1,2,2,4,4,2,3,4,4,4,1,1,0,0,1,0,0,1,1,1,0,1,1,1,1,1,0,0,0,0,0,0,1,0,1,0,1,0
103,17,0,0,7,2,3,5,3,4,1,1,5,4,4,1,1,1,0,1,0,0,1,1,1,0,1,1,1,1,0,0,1,0,0,0,1,0,0,0,1,1,0
104,18,4,2,7,1,1,3,2,5,2,5,5,2,1,0,0,1,0,0,0,0,0,1,1,1,1,1,0,0,0,0,1,0,0,0,1,0,0,1,0,1,0
105,17,16,0,10,2,2,4,4,4,4,5,5,1,2,1,0,1,0,0,0,0,1,1,1,1,1,1,0,0,0,0,0,0,0,0,1,0,0,1,0,0,1
106,18,8,0,10,1,2,5,3,4,1,1,4,3,3,1,1,1,0,0,0,0,1,1,1,1,1,1,1,0,0,0,1,0,0,0,1,0,1,0,0,1,0
107,17,4,0,11,1,2,4,3,4,1,4,4,3,3,1,0,1,0,0,0,0,1,1,1,1,1,1,0,0,0,1,0,0,0,1,0,0,0,0,1,0,0
108,17,0,0,11,1,2,5,4,4,3,4,5,3,1,1,1,1,1,0,0,0,1,1,1,1,1,1,0,0,0,0,1,0,0,1,0,0,0,1,0,1,0
109,18,5,0,7,2,1,4,4,3,1,3,5,2,1,1,0,1,1,0,0,0,1,0,0,0,1,1,0,0,0,1,0,0,0,1,0,0,0,1,0,1,0
110,15,0,0,16,1,2,5,4,4,1,1,1,3,4,1,1,1,0,1,0,1,1,0,1,1,1,0,0,1,0,0,1,0,0,1,0,0,0,0,0,1,0
111,15,6,0,12,1,2,4,3,2,2,3,3,1,1,0,1,1,0,0,1,0,1,1,1,1,0,1,1,0,0,0,0,0,0,1,0,0,0,1,0,1,0
112,16,6,0,12,2,2,4,4,2,1,1,3,2,2,1,0,1,0,0,0,0,1,1,1,1,1,1,0,0,0,0,1,0,0,1,0,0,0,0,1,0,0
113,16,16,0,10,1,2,4,4,5,5,5,5,4,4,1,1,1,1,1,0,1,1,0,1,1,1,1,0,1,0,0,0,1,0,0,0,1,1,0,0,1,0
114,19,22,1,13,2,2,4,2,2,1,2,1,3,2,0,0,1,1,1,0,1,1,0,1,1,0,1,1,0,0,0,1,0,0,1,0,0,0,0,1,0,1
115,18,10,1,11,2,1,2,5,5,5,5,5,3,2,0,0,1,0,1,0,0,1,0,0,0,1,1,0,0,0,1,0,0,0,1,0,0,0,0,0,1,0
116,16,4,0,11,1,2,5,3,3,1,1,5,3,4,1,1,1,0,1,1,0,1,0,1,1,0,0,0,1,0,0,1,0,0,1,0,0,1,0,0,1,0
117,19,16,0,11,1,2,4,3,5,3,3,5,3,3,1,1,1,0,1,0,0,1,1,1,1,1,1,1,0,0,1,0,0,0,0,1,0,1,0,0,0,1
118,16,0,0,13,2,1,5,3,3,1,1,3,2,3,0,1,1,0,0,0,0,1,0,1,1,1,1,0,0,0,1,0,0,0,1,0,0,1,0,0,0,0
119,18,9,0,9,1,3,4,3,4,1,1,5,4,3,1,1,1,1,1,0,1,1,0,1,1,1,1,1,1,0,1,0,0,0,1,0,0,0,0,0,1,0
120,17,2,0,13,2,3,4,3,3,1,1,1,1,1,0,0,1,1,0,0,0,1,1,1,0,1,1,0,0,0,1,0,0,0,1,0,0,1,0,0,0,0
121,17,2,0,9,1,2,5,3,3,1,1,3,1,1,0,0,1,0,1,0,0,1,1,1,1,1,1,1,0,0,0,0,0,0,1,0,0,0,0,0,0,0
122,15,3,0,11,2,1,5,1,2,1,1,1,1,2,0,1,0,0,0,0,0,1,1,0,0,1,1,1,0,0,1,0,0,0,0,1,0,0,0,0,1,0
123,17,4,0,12,2,2,4,3,3,1,2,5,4,4,1,1,1,0,1,0,1,1,0,0,0,1,1,1,1,0,0,0,1,0,0,1,0,0,1,0,0,0
124,15,0,0,10,2,1,3,2,3,1,3,4,3,1,0,1,0,0,1,0,0,1,1,0,1,1,1,0,0,0,1,0,0,0,0,1,0,1,0,0,1,0
125,15,0,0,11,1,1,2,2,4,2,4,1,4,2,0,1,1,0,0,0,0,1,1,1,1,1,1,0,1,1,0,0,0,0,0,1,0,0,1,0,1,0
126,16,6,0,7,1,1,4,3,4,1,2,1,2,2,0,1,0,0,1,0,0,0,1,0,1,0,0,1,0,0,1,0,0,0,1,0,0,1,0,0,1,0
127,17,10,0,12,2,2,4,3,4,2,2,1,2,1,1,1,1,1,1,0,0,1,1,1,1,1,1,1,0,0,0,1,0,0,1,0,0,0,0,0,1,0
128,17,2,0,12,1,2,4,3,3,1,2,4,1,1,0,0,1,0,0,0,1,1,0,1,1,1,1,0,0,0,1,0,0,0,1,0,0,0,0,1,0,0
129,15,4,0,11,1,3,5,3,2,1,2,5,2,3,0,0,1,0,0,1,1,1,0,1,1,1,1,0,0,0,1,0,0,0,1,0,0,1,0,0,1,0
130,19,5,0,8,1,1,3,2,3,3,3,5,1,1,0,1,1,0,0,0,0,1,0,0,1,0,1,0,0,0,1,0,0,0,0,0,0,0,0,0,0,0
131,16,2,0,9,2,2,4,2,2,1,4,5,2,1,0,0,1,1,0,0,0,1,1,0,1,1,1,0,0,1,0,0,0,0,0,1,0,0,1,0,1,0
132,15,0,0,10,1,2,4,4,4,2,4,2,4,3,1,1,1,1,0,1,0,1,0,1,1,0,1,1,1,0,0,1,0,0,0,1,0,0,0,1,0,0
133,17,0,3,5,4,2,5,3,5,1,5,5,1,1,1,1,0,1,0,0,0,0,0,1,0,0,1,0,0,0,1,0,0,0,0,1,0,0,0,0,1,0
134,15,6,0,11,3,1,4,3,3,1,2,4,1,1,1,0,1,1,1,0,0,1,1,1,1,1,1,1,0,0,0,0,0,0,1,0,0,0,0,0,1,0
135,18,2,1,9,2,1,5,3,3,2,3,5,1,1,0,1,1,1,1,0,0,0,1,0,0,1,1,0,0,0,0,1,0,0,1,0,0,0,0,0,0,1
136,16,8,0,14,1,2,1,2,2,1,2,1,3,2,0,1,1,0,1,0,0,1,1,1,1,1,1,1,0,0,1,0,0,0,1,0,0,0,0,1,1,0
137,17,16,3,6,1,1,5,5,5,2,4,5,3,2,1,1,1,0,1,0,0,1,0,1,1,1,1,0,0,0,0,1,0,0,0,1,0,0,0,0,1,0
138,18,2,0,16,1,2,5,2,4,1,2,4,2,1,1,1,1,0,0,0,0,1,1,1,1,1,1,0,0,0,1,0,0,0,1,0,0,1,0,0,1,0
139,16,2,0,17,3,1,4,2,2,1,2,3,2,2,0,0,0,0,0,0,0,1,0,1,0,1,1,0,0,0,0,0,0,0,1,0,0,0,0,0,1,0
140,17,12,0,12,1,2,4,3,4,2,3,4,3,3,1,1,1,1,1,0,0,1,0,1,1,1,1,0,0,0,0,1,0,0,0,1,0,0,1,0,1,0
141,16,2,0,14,2,2,4,2,2,1,2,5,2,4,1,1,1,1,1,0,0,1,1,1,1,0,1,1,1,0,1,0,0,1,0,0,0,0,0,0,0,0
142,17,4,0,9,1,3,4,3,3,1,1,4,2,2,1,1,1,0,1,0,1,1,0,1,1,1,1,1,0,0,0,0,0,0,0,0,0,0,0,0,1,0
143,17,0,0,17,1,3,3,4,3,2,3,5,3,1,0,0,1,0,1,0,0,1,1,1,1,1,1,1,0,0,0,1,0,0,0,1,0,0,0,0,0,0
144,18,3,2,7,3,2,3,4,4,2,2,5,1,1,1,1,0,1,0,0,0,1,1,0,1,1,1,1,0,0,1,0,0,0,1,0,0,0,0,0,1,0
145,17,4,1,8,2,2,4,5,4,2,3,3,3,3,0,1,1,0,1,0,0,1,1,0,1,1,1,0,0,1,0,0,0,0,1,0,0,0,0,0,1,0
146,19,18,1,12,1,2,4,4,3,1,3,3,1,1,1,0,1,0,1,1,0,1,0,1,1,0,1,1,0,0,0,0,0,0,1,0,0,0,0,1,0,1
147,18,4,0,7,3,1,4,4,3,2,2,5,4,4,1,1,1,1,1,0,0,1,1,0,0,1,1,1,1,0,0,0,1,0,0,0,0,0,0,1,1,0
148,17,0,0,12,1,2,5,3,3,1,1,5,3,3,0,1,1,0,1,1,0,1,1,1,1,0,0,1,0,0,0,1,0,0,1,0,0,1,0,0,1,0
149,16,6,0,8,1,2,4,4,3,1,3,4,2,3,1,1,0,0,1,1,1,1,0,1,1,1,1,1,0,0,1,0,0,0,1,0,0,0,0,1,1,0
150,16,6,0,9,1,2,4,1,3,3,5,5,4,4,0,1,0,0,1,0,0,1,1,1,1,0,0,0,1,0,0,0,1,1,0,0,0,0,0,1,1,0
151,16,2,0,15,1,3,5,4,5,1,1,4,4,4,1,1,1,1,1,0,0,1,1,1,1,0,1,1,1,1,0,0,0,1,0,0,0,0,1,0,1,0
152,18,0,2,7,1,1,3,3,3,1,2,4,2,2,1,1,1,0,1,0,0,1,0,1,0,1,1,0,0,0,0,1,0,0,1,0,0,0,0,1,1,0
153,16,6,0,12,1,2,4,3,3,1,1,2,2,3,0,1,1,0,0,0,0,1,1,1,1,1,1,1,0,0,0,1,0,0,0,1,0,0,0,0,1,0
154,17,0,0,11,1,3,4,4,3,1,3,4,4,3,1,1,1,1,1,0,0,1,1,1,1,1,1,1,1,1,0,0,0,0,1,0,0,0,0,1,1,0
155,15,0,0,14,2,1,4,1,3,1,1,4,3,3,0,0,1,0,0,0,0,1,1,0,0,1,1,1,0,0,1,0,0,0,0,1,0,0,0,0,0,0
156,18,15,1,9,1,2,2,4,4,1,1,4,4,4,1,1,1,1,1,1,0,1,0,1,1,1,1,1,1,1,0,0,0,1,0,0,0,0,0,1,0,0
157,17,3,0,7,2,1,3,3,3,1,4,3,2,3,0,1,0,0,1,0,1,1,0,1,1,1,1,1,0,0,0,0,0,0,1,0,0,1,0,0,0,0
158,18,2,0,15,1,2,3,1,2,1,3,2,4,3,0,1,1,1,1,0,0,1,1,1,1,1,1,1,1,0,0,1,0,0,1,0,0,1,0,0,0,0
159,17,0,0,10,1,2,5,3,3,1,3,3,2,3,0,0,1,0,1,0,0,1,1,1,1,0,1,0,0,0,0,1,0,0,0,1,0,0,0,1,0,0
160,17,0,0,12,1,2,4,3,2,2,3,2,3,2,0,1,1,1,1,0,0,1,1,1,1,1,1,1,0,0,1,0,0,0,1,0,0,1,0,0,1,0
161,16,0,0,12,1,2,5,4,4,1,1,5,2,2,0,1,1,1,0,0,0,1,1,1,1,1,1,1,0,0,1,0,0,0,1,0,0,1,0,0,1,0
162,17,6,0,13,1,3,4,3,3,1,1,3,1,1,0,1,1,0,1,0,1,1,0,1,1,1,1,1,0,0,0,1,0,0,0,0,1,0,0,1,1,0
163,16,4,0,12,1,1,5,3,5,1,2,5,1,2,0,1,1,0,0,0,0,0,1,1,1,1,1,1,0,0,1,0,0,0,1,0,0,0,0,0,1,0
164,19,4,1,11,1,3,4,3,4,1,3,3,2,1,1,1,1,1,0,0,1,1,0,1,1,1,1,1,0,0,0,1,0,0,0,1,0,1,0,0,0,1
165,16,0,0,14,1,2,4,3,5,1,1,3,1,3,1,0,1,1,0,0,0,1,1,1,1,1,1,1,0,0,0,0,0,0,0,1,0,1,0,0,1,0
166,16,4,0,12,1,1,5,4,3,1,1,5,3,2,0,0,1,0,1,0,0,1,1,1,1,1,1,0,0,0,1,0,0,0,1,0,0,1,0,0,1,0
167,16,2,0,14,1,1,4,4,4,2,2,4,1,1,1,1,1,1,1,0,0,1,1,0,0,0,1,1,0,0,0,1,0,0,0,1,0,1,0,0,1,0
168,16,0,0,11,1,2,4,3,2,1,2,5,3,3,0,1,0,0,1,0,0,1,1,1,1,1,1,1,0,0,1,0,0,0,1,0,0,1,0,0,0,0
169,15,2,0,10,1,1,3,2,2,1,3,3,2,3,1,0,1,1,1,1,1,1,0,1,1,1,1,0,0,0,1,0,0,0,0,1,0,0,0,0,0,0
170,15,6,0,11,1,4,4,3,4,1,1,4,2,2,1,1,1,0,1,0,0,1,0,1,1,0,1,0,0,0,0,1,0,1,0,0,0,0,0,1,1,0
171,18,0,0,11,2,2,4,1,1,1,1,4,1,2,0,1,0,0,1,0,0,0,1,0,1,1,1,1,0,0,0,0,0,0,0,0,0,0,0,0,0,0
172,16,6,0,13,1,3,3,2,3,1,2,2,4,4,1,1,1,0,1,0,1,1,0,1,1,1,1,1,1,0,0,1,0,0,0,1,0,0,0,1,1,0
173,15,0,0,14,1,2,3,2,3,1,2,1,1,2,0,0,1,0,0,0,0,1,1,1,1,1,1,1,0,0,0,0,0,0,0,1,0,0,0,0,1,0
174,17,10,0,10,1,2,4,3,2,1,1,4,1,1,0,0,0,1,0,1,0,1,1,1,1,1,1,1,0,0,0,0,0,0,1,0,0,0,0,0,1,0
175,16,0,0,10,4,1,5,5,5,5,5,5,1,1,1,0,1,1,1,1,0,1,1,1,1,1,1,1,0,0,0,1,0,0,0,1,0,0,0,0,0,0
176,17,0,0,14,1,1,4,4,3,1,3,5,3,3,0,1,1,0,1,0,0,1,1,1,1,1,1,0,0,1,0,0,0,0,1,0,0,1,0,0,1,0
177,16,16,0,10,3,1,3,3,4,3,5,3,3,3,1,1,1,0,1,0,0,1,1,1,0,0,1,0,0,0,0,0,1,0,1,0,0,1,0,0,0,0
178,18,0,0,10,2,4,4,4,4,1,1,4,2,2,1,1,0,0,0,0,0,1,0,1,0,1,1,1,0,0,0,0,0,0,1,0,0,0,0,0,1,0
179,16,4,0,10,1,2,4,3,5,2,4,4,2,2,0,1,1,0,0,0,0,0,0,1,1,1,1,0,0,0,1,0,0,0,1,0,0,0,0,0,0,0
180,16,0,0,16,2,2,4,5,2,1,2,5,2,3,0,1,0,0,0,0,0,1,1,0,0,1,1,1,0,0,0,0,0,0,0,1,0,0,0,0,1,0
181,15,2,0,11,1,2,4,3,3,1,1,5,4,2,0,1,1,0,1,0,1,1,0,1,1,0,1,1,1,1,0,0,0,0,1,0,0,0,1,0,1,0
182,19,2,2,9,1,2,4,4,3,3,4,4,1,1,1,1,1,0,1,0,0,0,1,0,1,1,1,0,0,0,1,0,0,0,1,0,0,0,1,0,1,0
183,17,5,0,8,2,3,4,2,3,2,2,3,3,1,0,1,0,0,1,0,1,0,1,0,0,0,0,1,0,0,1,0,0,0,0,0,0,0,0,0,0,1
184,16,0,2,6,3,1,3,4,5,2,4,2,3,4,1,0,1,0,1,0,0,1,0,1,1,1,1,0,1,0,1,0,0,0,1,0,0,0,0,0,0,0
185,17,2,0,16,1,2,3,5,2,2,2,1,1,2,1,0,0,1,1,0,0,1,1,1,0,1,1,0,0,0,0,0,0,0,0,0,0,1,0,0,1,0
186,17,4,0,13,2,2,4,5,5,1,3,2,4,3,1,0,1,1,1,0,1,1,0,0,0,1,1,0,1,0,0,1,0,0,1,0,0,1,0,0,1,0
187,18,8,1,3,1,2,4,3,3,1,3,5,3,3,0,1,1,1,1,0,0,1,0,1,0,0,1,0,0,0,1,0,0,0,0,1,0,0,0,0,1,0
188,18,8,0,10,1,2,4,3,3,1,3,5,3,3,0,1,1,1,1,0,0,1,1,1,0,0,1,0,0,0,1,0,0,0,0,1,0,0,0,0,1,0
189,19,0,2,9,1,2,3,4,2,1,1,5,0,1,0,0,0,0,1,0,0,0,1,1,1,1,1,1,0,0,0,0,0,0,1,0,0,0,0,0,0,1
190,18,0,0,15,1,2,4,1,3,1,2,1,3,3,0,1,1,1,0,0,1,1,0,0,1,1,1,1,0,0,1,0,0,0,1,0,0,1,0,0,1,0
191,15,10,3,7,1,2,4,3,2,2,3,3,1,1,0,1,1,0,0,1,1,1,0,1,1,0,1,1,0,0,0,0,0,0,1,0,0,0,1,0,1,0
192,15,4,0,11,1,2,4,3,3,2,2,5,4,2,0,1,0,0,1,0,0,1,1,1,1,1,1,0,1,0,0,0,1,0,1,0,0,1,0,0,1,0
193,19,4,0,12,1,4,4,3,3,1,2,3,3,3,1,1,1,0,1,0,0,1,1,1,1,1,1,1,0,0,1,0,0,0,1,0,0,0,0,1,0,1
194,17,10,0,12,1,2,3,3,3,1,3,3,3,3,0,0,1,1,1,0,0,1,1,1,1,1,0,1,0,1,0,0,0,0,1,0,0,0,0,1,1,0
195,17,4,0,9,1,2,4,4,4,1,3,1,1,1,0,0,0,0,1,0,1,1,0,1,1,1,1,1,0,0,1,0,0,0,1,0,0,0,0,0,1,0
196,17,0,0,16,2,3,4,3,3,1,1,3,4,2,0,1,1,0,1,0,0,1,1,1,1,1,1,1,1,0,1,0,0,0,1,0,0,0,0,1,1,0
197,18,0,0,11,1,4,4,5,5,2,4,5,2,2,1,1,1,0,1,0,1,1,1,1,1,0,1,0,0,0,1,0,0,0,1,0,0,0,0,0,1,0
198,16,2,0,12,1,2,5,3,4,1,1,2,2,1,1,1,1,1,0,0,0,1,1,1,1,1,0,1,0,0,1,0,0,0,1,0,0,0,1,0,1,0
199,15,10,0,10,1,4,4,3,3,1,1,4,3,3,0,1,0,0,0,1,0,1,0,1,1,1,0,1,0,0,1,0,0,1,0,0,0,0,0,1,0,0
200,18,10,3,10,1,2,5,4,5,1,3,5,2,1,1,1,1,1,1,0,0,0,1,1,1,1,1,1,0,0,0,1,0,0,1,0,0,0,0,1,1,0
201,18,0,0,14,1,3,4,2,4,1,3,2,2,1,1,1,1,0,0,0,0,1,1,1,1,1,1,0,0,0,0,1,0,0,0,1,0,0,0,1,1,0
202,18,6,3,11,3,1,5,2,5,1,5,4,1,1,1,0,0,0,1,0,0,1,1,1,0,1,1,1,0,0,0,0,0,0,1,0,0,0,0,0,1,0
203,18,2,1,14,1,2,2,4,4,1,1,4,4,4,1,1,1,1,1,1,0,1,1,1,1,1,1,1,1,1,0,0,0,1,0,0,0,0,0,1,0,0
204,19,9,0,11,2,2,5,4,4,1,1,1,4,2,1,1,1,1,1,0,0,1,1,1,1,1,1,0,1,1,0,0,0,0,1,0,0,0,0,0,1,0
205,15,8,0,8,1,2,5,2,2,1,1,5,4,3,1,1,1,1,1,1,1,1,0,1,1,0,0,1,1,0,1,0,0,0,1,0,0,0,0,0,1,0
206,17,4,0,5,1,2,5,3,3,1,1,3,1,1,0,0,1,0,1,0,0,1,0,1,1,1,1,1,0,0,0,0,0,0,1,0,0,0,0,0,0,0
207,16,0,0,13,1,1,5,3,2,1,2,5,4,4,1,1,1,0,0,0,0,1,0,1,1,1,1,0,1,0,0,1,0,0,0,1,0,0,0,0,1,0
208,16,6,0,13,1,2,2,3,5,1,4,3,3,3,0,1,1,0,1,0,0,1,1,1,1,0,0,1,0,0,1,0,0,0,0,1,0,1,0,0,1,0
209,16,0,0,16,1,2,4,4,2,1,1,3,4,4,0,1,1,1,1,0,0,1,1,1,1,1,1,1,1,1,0,0,0,1,0,0,0,0,0,1,1,0
210,18,8,0,11,1,2,4,1,4,1,1,3,3,3,0,1,1,0,1,0,0,1,1,1,1,1,1,1,0,0,0,0,0,0,1,0,0,0,0,0,0,0
211,17,2,0,11,2,2,4,4,3,1,1,3,2,3,1,1,1,0,0,0,0,1,0,0,1,1,1,0,0,0,1,0,0,0,0,1,0,1,0,0,0,0
212,16,11,0,10,2,1,4,3,3,1,3,5,1,3,0,1,1,1,1,0,0,0,1,0,1,1,1,1,0,0,0,0,0,0,1,0,0,0,1,0,0,0
213,18,2,0,8,1,1,4,2,5,3,4,5,4,4,0,1,1,0,1,0,0,1,1,1,1,0,1,0,1,0,1,0,0,0,1,0,0,0,0,1,0,0
214,17,0,0,6,2,2,5,5,4,1,1,1,4,3,0,1,1,0,0,0,0,1,1,0,1,1,1,1,1,0,0,0,1,0,1,0,0,0,1,0,1,0
215,18,0,1,6,2,1,4,4,5,2,4,5,3,2,0,1,1,0,0,0,0,0,0,1,1,1,1,0,0,0,0,1,0,0,1,0,0,0,0,0,1,0
216,17,2,0,11,1,2,5,3,1,1,4,5,4,4,0,1,1,1,1,0,1,1,1,1,1,1,1,1,1,0,0,0,1,0,0,1,0,0,0,0,1,0
217,15,0,0,8,1,2,4,4,2,1,2,5,1,1,0,1,1,0,1,0,1,1,0,1,1,1,1,1,0,0,1,0,0,0,0,1,0,0,0,0,0,0
218,16,2,0,13,2,2,3,4,4,1,4,5,2,2,1,0,1,0,0,0,1,1,0,1,1,1,1,1,0,0,0,1,0,0,1,0,0,0,0,1,1,0
219,15,24,0,9,1,2,1,3,2,2,3,1,3,3,0,0,0,1,0,0,0,1,1,1,1,1,0,1,0,0,0,1,0,0,0,1,0,1,0,0,1,0
220,17,5,0,9,2,1,4,3,3,2,2,1,3,2,0,1,0,1,0,0,0,1,1,0,1,1,1,1,0,0,0,0,0,0,1,0,0,1,0,0,1,0
221,18,4,0,8,1,2,5,3,3,1,1,4,3,1,1,1,1,1,0,0,0,1,1,1,0,1,1,1,0,0,1,0,0,0,1,0,0,0,0,1,1,0
222,16,4,0,6,1,2,4,3,2,1,2,5,3,3,0,1,0,0,1,0,1,1,0,1,1,1,1,1,0,0,1,0,0,0,1,0,0,1,0,0,0,0
223,18,4,0,15,1,2,4,3,4,1,1,1,3,1,0,1,1,0,1,0,0,1,1,0,1,0,1,1,0,0,0,0,1,0,0,1,0,0,0,0,1,0
224,16,16,0,12,1,1,3,2,1,1,4,5,3,4,0,1,1,0,0,0,0,1,0,1,1,1,0,1,1,0,0,1,0,0,1,0,0,0,0,0,0,0
225,16,1,1,9,1,1,4,4,3,1,4,3,2,2,1,0,1,0,1,0,1,1,1,0,1,1,1,1,0,0,1,0,0,0,0,1,0,0,0,0,0,0
226,18,26,1,7,1,1,4,4,3,2,2,1,2,2,1,0,1,1,1,0,0,0,1,1,1,1,1,0,0,0,1,0,0,0,0,0,0,0,0,0,0,1
227,16,0,0,16,2,2,4,3,2,1,1,3,1,0,1,1,1,1,1,0,0,1,1,1,1,1,1,0,0,0,1,0,0,0,1,0,0,0,0,1,1,0
228,18,10,0,10,2,1,3,4,4,2,4,4,1,2,0,0,1,0,0,0,0,0,1,1,1,1,1,0,0,0,0,0,0,0,1,0,0,1,0,0,0,1
229,15,0,2,12,2,3,4,2,2,2,2,5,3,4,0,1,1,1,1,0,0,1,0,1,0,1,1,1,1,0,0,1,0,0,0,0,1,0,0,0,0,0
230,17,2,0,9,1,2,5,4,4,3,4,5,3,1,1,1,1,1,0,0,1,1,0,1,1,1,1,0,0,0,0,1,0,0,1,0,0,0,1,0,1,0
231,18,2,0,14,2,1,3,3,2,1,2,3,1,1,0,0,1,1,0,0,0,1,1,0,1,0,1,0,0,0,1,0,0,0,0,1,0,1,0,0,0,0
232,19,4,2,7,2,2,3,2,2,1,1,3,3,2,1,1,0,1,0,0,0,1,0,0,1,0,1,1,0,0,0,1,0,0,0,1,0,1,0,0,0,1
233,16,25,1,7,2,2,3,3,3,1,2,3,2,2,1,0,1,1,1,0,0,1,0,1,1,0,1,1,0,0,1,0,0,0,1,0,0,1,0,0,1,0
234,16,54,0,11,1,2,4,3,3,2,4,5,3,3,1,1,1,0,1,1,1,1,0,1,1,1,1,1,0,0,1,0,0,0,0,1,0,1,0,0,1,0
235,15,4,0,10,1,1,5,3,3,1,1,5,4,4,1,0,1,0,1,0,0,1,0,1,1,1,1,0,1,0,0,1,0,0,1,0,0,0,0,0,1,0
236,18,4,0,11,1,3,4,3,3,1,2,3,2,3,0,1,1,0,1,0,0,1,0,1,1,1,1,1,0,0,0,0,0,0,1,0,0,0,0,0,1,0
237,17,8,0,10,1,3,3,4,3,1,1,3,2,2,1,1,0,1,0,0,0,1,1,0,1,1,1,1,0,0,1,0,0,0,0,0,0,1,0,0,1,0
238,18,8,0,7,2,1,4,4,5,2,4,5,3,2,0,1,1,0,0,0,0,0,1,1,1,1,1,0,0,0,0,1,0,0,1,0,0,0,0,0,1,0
239,17,0,0,13,1,3,4,3,3,1,1,3,1,1,0,1,1,0,1,0,0,1,1,1,1,1,1,1,0,0,0,1,0,0,0,0,1,0,0,1,1,0
240,17,6,0,9,1,2,3,1,3,1,5,3,1,2,0,1,0,0,0,0,0,1,1,1,0,1,1,0,0,0,0,0,0,0,1,0,0,1,0,0,1,0
241,18,0,1,10,1,2,4,3,3,2,2,2,4,4,1,1,1,0,1,0,0,1,0,1,1,1,1,0,1,0,0,0,1,0,0,1,0,1,0,0,0,0
242,15,0,0,16,1,2,4,2,2,1,1,1,3,2,0,1,1,0,1,0,1,1,0,1,1,0,0,0,0,0,0,1,0,0,1,0,0,1,0,0,1,0
243,17,4,0,14,1,2,5,4,2,1,1,3,3,2,1,1,0,0,0,0,0,1,1,1,1,1,1,1,0,0,1,0,0,0,1,0,0,0,0,0,0,0
244,16,0,0,13,1,2,4,4,3,1,1,1,1,2,1,1,1,0,0,1,0,1,1,1,1,0,1,1,0,0,1,0,0,0,0,1,0,0,0,1,0,0
245,15,11,0,9,3,2,5,5,5,1,3,5,1,2,1,1,0,0,1,0,0,1,1,0,0,1,1,0,0,0,1,0,0,0,0,1,0,0,0,0,1,0
246,16,16,1,12,2,1,4,5,2,1,1,2,3,2,1,0,0,0,1,0,0,0,0,1,1,1,1,0,0,0,0,1,0,0,0,1,0,0,0,0,1,0
247,18,0,0,11,2,1,5,2,3,1,2,4,2,3,0,1,1,1,1,0,1,1,0,0,1,1,1,1,0,0,0,0,0,0,0,1,0,0,0,0,0,0
248,16,16,0,9,1,1,3,3,2,2,1,5,4,4,0,1,1,1,1,0,0,0,1,1,1,1,1,0,1,0,0,0,1,0,0,0,1,0,0,0,1,0
249,16,1,0,11,2,1,5,1,3,1,2,5,4,4,0,1,0,0,1,0,0,1,1,0,1,0,1,1,1,0,0,1,0,0,0,1,0,0,1,0,0,0
250,18,2,0,10,1,3,5,3,2,1,1,3,3,2,1,0,0,0,0,0,0,1,1,1,0,1,1,0,0,0,1,0,0,0,1,0,0,0,0,0,1,0
251,15,0,0,13,3,2,4,2,1,1,2,2,1,1,0,1,0,0,1,0,0,1,1,0,0,1,1,1,0,0,0,0,0,0,0,0,0,0,0,0,0,0
252,18,6,0,15,1,3,4,2,4,1,3,2,2,1,1,1,1,0,0,0,1,1,0,1,1,1,1,0,0,0,0,1,0,0,0,1,0,0,0,1,1,0
253,19,10,0,8,1,4,4,3,3,1,2,3,3,3,1,1,1,0,1,0,1,1,0,1,1,1,1,1,0,0,1,0,0,0,1,0,0,0,0,1,0,1
254,17,6,0,18,2,4,3,1,2,1,1,3,3,1,0,1,0,0,1,0,1,1,0,1,0,0,1,1,0,0,0,1,0,0,1,0,0,0,0,1,1,0
255,18,4,0,10,2,2,3,3,4,2,4,3,1,3,0,1,0,0,1,0,1,1,0,0,0,1,1,0,0,0,0,0,0,0,1,0,0,0,0,0,1,0
256,18,14,1,8,2,1,4,1,1,1,1,3,3,3,0,1,1,0,0,0,0,0,1,1,1,1,1,1,0,0,1,0,0,0,1,0,0,0,0,0,1,0
257,15,0,0,14,1,2,4,3,2,1,1,1,4,3,1,1,1,0,1,0,1,1,0,1,1,1,0,1,1,0,0,1,0,0,0,1,0,0,0,1,1,0
258,16,8,0,9,2,2,1,2,4,2,2,1,4,1,1,1,1,0,1,0,0,1,1,0,1,0,1,1,1,0,1,0,0,0,1,0,0,1,0,0,1,0
259,16,0,0,13,1,2,3,3,4,1,1,4,2,2,0,1,1,0,1,1,0,1,1,1,1,1,0,1,0,0,1,0,0,0,1,0,0,0,0,1,1,0
260,16,1,0,10,2,3,5,3,5,1,4,5,4,4,0,1,1,1,1,0,0,1,1,0,1,1,1,1,1,0,0,0,1,0,0,1,0,0,0,0,1,0
261,17,0,0,14,1,2,3,2,3,1,2,3,4,3,1,1,1,1,0,0,0,1,1,1,1,0,1,1,1,1,0,0,0,0,1,0,0,0,0,1,0,0
262,18,3,0,9,3,1,4,3,3,2,3,3,1,2,1,1,1,1,1,0,0,0,1,0,0,0,1,0,0,0,0,0,0,0,0,1,0,0,1,0,0,0
263,18,12,0,8,2,2,4,3,5,1,2,3,2,1,0,1,1,1,1,0,0,0,1,1,0,1,1,1,0,0,1,0,0,0,1,0,0,0,0,1,1,0
264,17,1,0,11,2,2,4,4,5,1,1,4,1,0,0,1,1,1,0,0,0,1,1,0,1,1,0,1,0,0,1,0,0,0,1,0,0,0,1,0,1,0
265,16,0,0,8,2,2,5,2,1,1,1,2,2,1,1,1,1,0,0,0,0,1,1,0,0,1,1,0,0,0,1,0,0,0,0,1,0,0,0,1,1,0
266,16,2,0,15,3,2,4,5,4,1,2,1,2,3,0,1,1,0,1,0,0,1,1,0,0,1,1,1,0,0,1,0,0,0,0,1,0,0,0,0,1,0
267,17,5,0,9,2,1,2,4,4,3,5,5,0,1,1,0,0,0,0,0,0,1,1,0,1,1,1,1,0,0,1,0,0,0,0,0,0,0,0,0,0,0
268,15,2,0,10,2,2,5,4,3,1,2,3,4,3,0,1,1,0,1,0,1,1,0,1,1,1,1,0,1,0,0,0,1,0,1,0,0,0,0,0,1,0
269,19,15,2,9,1,2,4,3,5,3,3,5,3,3,1,1,1,0,1,0,1,1,0,1,1,1,1,1,0,0,1,0,0,0,0,1,0,1,0,0,0,1
270,17,0,0,15,1,3,4,4,3,1,1,5,2,4,0,1,1,1,1,0,0,1,1,1,0,1,1,1,1,0,0,0,0,0,1,0,0,0,0,0,0,0
271,15,0,0,14,1,3,5,4,3,1,1,4,4,3,1,1,1,0,1,0,0,1,1,1,1,0,1,0,1,0,0,0,1,0,0,1,0,1,0,0,1,0
272,17,2,0,15,1,3,3,2,3,1,1,4,3,3,1,0,0,0,0,0,0,1,1,1,1,1,1,1,0,0,1,0,0,0,1,0,0,1,0,0,1,0
273,17,0,0,13,1,2,4,3,4,1,3,4,2,2,1,1,1,0,1,0,0,1,1,1,1,1,1,1,0,0,0,1,0,0,0,1,0,0,0,1,1,0
274,16,8,0,14,1,1,4,2,5,1,5,5,4,3,1,1,1,0,0,0,0,1,1,0,1,0,1,0,1,0,1,0,0,0,1,0,0,0,0,0,0,0
275,16,12,0,9,1,1,4,5,5,5,5,4,4,4,1,1,1,0,1,1,0,1,1,1,1,1,1,0,1,0,0,1,0,0,0,1,0,0,1,0,1,0
276,17,2,0,11,1,3,4,3,4,1,3,5,4,2,1,1,1,0,1,0,0,1,1,1,0,1,1,1,1,0,1,0,0,0,1,0,0,0,0,0,1,0
277,17,12,0,12,1,2,5,4,5,1,2,5,2,2,0,0,1,0,1,0,0,1,1,1,1,1,1,1,0,0,1,0,0,0,1,0,0,0,0,0,1,0
278,18,0,0,7,3,2,3,2,2,4,2,5,4,4,0,0,1,1,1,0,0,1,1,0,0,1,1,1,1,0,1,0,0,0,0,0,1,0,1,0,0,0
279,16,0,0,13,1,1,4,3,2,2,4,5,0,2,0,0,1,0,0,0,1,1,0,1,1,1,1,0,0,0,1,0,0,0,1,0,0,0,1,0,1,0
280,18,6,0,5,2,2,4,3,4,1,1,3,4,4,0,1,0,0,0,1,0,1,0,1,1,1,0,1,1,0,0,0,0,0,0,0,1,0,0,0,1,0
281,16,2,0,9,2,2,3,4,2,1,1,5,1,1,0,1,1,0,1,0,0,1,1,1,1,0,1,0,0,0,1,0,0,0,1,0,0,1,0,0,1,0
282,17,2,0,12,2,1,5,1,2,3,3,5,1,3,1,1,0,1,0,0,0,1,1,0,0,0,1,0,0,0,1,0,0,0,1,0,0,0,0,0,0,0
283,18,4,0,15,1,2,3,2,4,1,4,2,4,4,1,0,1,0,0,0,1,1,0,0,1,1,1,0,1,0,0,0,1,0,0,0,1,1,0,0,0,0
284,21,3,3,10,1,1,5,5,3,3,3,3,1,1,0,0,0,0,0,0,0,1,0,0,0,1,1,0,0,0,1,0,0,0,1,0,0,0,0,0,0,1
285,17,6,0,11,1,2,4,3,4,2,3,4,3,3,1,1,1,1,1,0,0,1,1,1,1,1,1,0,0,0,0,1,0,0,0,1,0,0,1,0,1,0
286,16,8,0,8,1,1,4,3,2,3,4,5,3,3,1,1,1,0,1,0,0,1,0,1,0,1,1,0,0,0,0,1,0,0,0,1,0,0,0,1,1,0
287,18,2,0,8,1,2,5,2,3,1,2,3,1,1,0,1,0,1,0,0,0,1,1,0,1,0,0,1,0,0,0,0,0,0,0,1,0,0,0,0,1,0
288,17,0,0,13,1,3,4,4,3,1,3,4,4,3,1,1,1,1,1,0,1,1,0,1,1,1,1,1,1,1,0,0,0,0,1,0,0,0,0,1,1,0
289,18,4,0,8,1,2,5,4,3,3,4,2,4,4,1,1,1,0,0,0,1,1,0,0,0,0,1,1,1,0,0,0,1,0,0,1,0,0,0,0,1,0
290,15,0,0,16,1,2,4,3,3,1,1,5,4,2,0,1,1,0,1,0,0,1,1,1,1,0,1,1,1,1,0,0,0,0,1,0,0,0,1,0,1,0
291,18,0,0,14,1,4,4,3,3,1,1,3,4,3,0,1,1,0,1,0,1,1,0,1,1,1,1,1,1,0,1,0,0,0,1,0,0,0,0,1,0,0
292,16,0,1,7,2,1,4,4,4,2,4,5,1,2,1,1,0,0,0,0,0,1,0,1,1,0,1,0,0,0,1,0,0,0,1,0,0,0,0,0,1,0
293,17,4,0,9,1,1,4,5,3,1,1,5,2,2,1,1,0,0,1,0,0,0,1,0,1,1,1,1,0,0,1,0,0,0,0,0,0,0,0,0,1,0
294,15,0,0,10,1,2,3,3,3,1,2,2,4,4,0,1,1,0,1,0,1,1,0,1,1,1,1,1,1,0,0,0,1,1,0,0,0,0,0,1,1,0
295,17,8,0,14,1,2,4,3,2,1,1,5,2,4,1,1,1,1,0,0,0,1,1,1,1,0,1,1,1,0,0,1,0,0,0,1,0,0,0,0,0,0
296,17,0,0,11,1,3,4,3,3,1,1,3,1,1,0,1,0,1,1,0,0,1,1,0,1,0,1,1,0,0,1,0,0,0,0,1,0,0,0,0,0,0
297,15,0,0,14,1,2,4,3,2,1,1,5,1,2,1,1,1,0,1,1,0,1,1,1,1,0,1,0,0,0,1,0,0,0,0,0,0,1,0,0,0,0
298,16,0,0,14,1,3,3,4,4,2,4,4,4,3,1,1,1,0,1,1,0,1,1,1,1,1,1,1,1,0,0,0,1,1,0,0,0,1,0,0,1,0
299,17,2,1,10,3,4,1,3,5,3,5,3,2,2,0,1,0,0,1,0,0,1,1,0,0,0,1,0,0,0,0,1,0,0,0,1,0,0,1,0,1,0
300,17,4,0,14,1,2,4,2,2,1,1,3,2,2,0,1,0,1,1,0,0,1,1,1,1,1,1,1,0,0,1,0,0,0,1,0,0,0,0,0,1,0
301,15,0,0,7,1,2,5,3,2,1,1,1,3,4,1,1,1,1,0,1,0,1,0,1,1,0,0,1,1,0,1,0,0,0,1,0,0,1,0,0,1,0
302,16,2,0,11,1,1,3,3,3,1,2,3,1,2,1,1,1,1,1,0,1,1,0,1,1,1,1,0,0,0,0,1,0,0,0,1,0,0,1,0,1,0
303,17,0,0,16,2,3,3,3,3,2,3,2,0,2,0,1,1,0,0,0,0,1,0,1,1,0,1,1,0,0,0,0,0,0,0,0,0,1,0,0,0,0
304,16,4,0,12,2,1,2,3,3,2,2,2,2,2,1,1,1,0,1,0,0,1,1,1,1,0,1,0,0,0,0,1,0,0,0,1,0,0,0,1,0,0
305,15,4,0,15,1,3,5,3,3,1,3,1,4,2,1,1,1,0,1,0,0,1,1,1,1,1,1,1,1,0,1,0,0,0,1,0,0,0,0,1,1,0
306,17,0,1,10,1,2,4,5,4,1,2,5,3,2,0,1,0,1,0,0,0,1,1,0,0,1,1,1,0,0,0,0,0,0,1,0,0,0,0,0,0,0
307,16,2,0,13,2,2,4,2,2,1,2,5,2,4,1,1,1,1,1,0,1,1,0,1,1,0,1,1,1,0,1,0,0,1,0,0,0,0,0,0,0,0
308,15,0,0,11,1,4,3,3,3,1,1,3,4,2,0,1,1,0,0,0,0,1,1,1,1,1,1,0,1,0,1,0,0,0,1,0,0,0,0,0,1,0
309,16,0,0,13,2,1,4,2,2,4,3,2,1,1,1,1,1,1,0,0,0,1,1,0,0,1,1,1,0,0,0,0,0,0,1,0,0,0,1,0,1,0
310,18,8,0,14,1,2,4,2,5,1,2,1,2,1,0,1,1,1,1,0,0,1,1,1,1,1,1,1,0,0,1,0,0,0,1,0,0,1,0,0,1,0
311,17,4,0,10,1,2,5,2,3,1,1,2,4,3,1,1,1,1,1,0,0,1,0,1,1,1,1,0,1,0,1,0,0,0,1,0,0,0,0,0,1,0
312,15,8,0,11,2,4,3,4,3,1,1,1,4,0,1,1,1,0,0,0,0,1,0,1,1,1,1,0,1,0,0,0,1,0,1,0,0,0,0,0,1,0
313,19,4,1,8,3,1,4,4,4,3,3,5,1,1,0,1,1,0,1,0,0,1,1,0,0,1,1,0,0,0,1,0,0,0,1,0,0,1,0,0,0,1
314,16,0,0,13,2,2,5,4,4,2,4,5,2,2,1,1,1,0,1,0,0,1,0,1,1,0,1,0,0,0,1,0,0,0,1,0,0,0,0,1,1,0
315,15,2,0,12,4,2,5,3,3,1,1,5,3,4,0,1,0,1,1,0,0,1,1,1,0,1,1,0,1,0,0,0,0,0,0,0,1,0,0,0,1,0
316,16,4,1,9,3,2,5,3,3,1,3,2,3,3,0,0,1,0,1,1,0,1,1,1,1,1,1,0,0,0,0,0,0,0,1,0,0,0,0,1,0,1
317,16,0,0,12,2,3,5,3,3,1,3,2,3,2,1,1,1,1,0,0,0,1,1,1,1,1,1,0,0,0,0,0,0,0,1,0,0,0,0,1,1,0
318,15,11,0,12,2,1,4,3,3,2,4,3,3,3,1,0,1,0,1,0,0,1,1,0,1,1,1,0,0,0,0,1,0,0,0,1,0,0,0,0,0,0
319,17,3,0,11,1,3,3,3,2,2,2,3,2,2,1,1,1,0,1,0,1,1,0,1,0,0,1,1,0,0,0,1,0,0,0,1,0,0,0,0,1,0
320,17,14,0,13,1,2,3,2,3,1,2,3,4,3,1,1,1,1,0,0,0,1,0,1,1,0,1,1,1,1,0,0,0,0,1,0,0,0,0,1,0,0
321,16,0,0,10,4,3,5,1,3,2,2,3,2,2,0,1,0,0,0,0,0,1,1,0,1,0,1,0,0,0,0,1,0,0,0,1,0,0,1,0,1,0
322,18,10,0,12,2,3,4,4,4,1,1,3,2,1,0,0,1,1,1,0,0,1,1,1,1,1,1,1,0,0,1,0,0,0,1,0,0,0,0,0,0,1
323,16,0,0,14,1,2,4,2,3,1,1,3,4,2,0,1,1,1,0,0,1,1,0,1,1,1,1,1,1,1,0,0,0,0,0,1,0,1,0,0,0,0
324,17,0,0,8,2,1,5,5,5,3,5,5,2,2,1,1,0,1,0,0,0,0,1,0,0,1,1,0,0,0,1,0,0,0,1,0,0,0,0,0,1,0
325,16,0,0,17,1,1,4,2,5,1,2,5,2,2,1,1,0,1,1,0,1,1,1,0,1,1,1,1,0,0,0,1,0,0,1,0,0,0,0,0,1,0
326,17,0,0,8,1,2,5,5,5,1,3,5,4,2,1,1,1,0,1,1,0,1,1,0,1,1,1,1,1,0,0,0,1,0,0,1,0,1,0,0,1,0
327,15,0,0,12,1,1,5,4,2,1,1,5,4,4,0,1,1,0,1,0,1,1,0,1,1,1,1,0,1,1,0,0,0,1,0,0,0,0,1,0,0,0
328,18,0,0,15,2,3,5,4,4,1,1,1,4,4,0,1,1,0,0,0,0,1,1,0,0,0,1,1,1,0,1,0,0,0,1,0,0,0,0,1,1,0
329,16,0,0,7,1,3,5,3,5,1,1,3,4,3,0,1,1,0,1,1,1,1,0,1,1,1,1,1,1,0,1,0,0,0,0,0,0,0,0,0,1,0
330,17,0,0,15,2,3,4,3,3,1,1,3,4,2,0,1,1,0,1,0,1,1,0,1,1,1,1,1,1,0,1,0,0,0,1,0,0,0,0,1,1,0
331,18,2,0,11,2,2,4,4,3,1,1,3,1,1,0,0,0,0,1,0,1,1,0,1,1,0,1,1,0,0,1,0,0,0,1,0,0,1,0,0,1,0
332,16,0,0,6,1,2,5,1,5,1,1,4,2,2,0,0,1,0,1,0,1,1,0,1,1,1,1,1,0,0,1,0,0,0,1,0,0,1,0,0,1,0
333,15,2,0,10,3,1,4,2,4,3,5,3,1,3,1,1,1,0,1,0,0,1,1,0,0,0,1,0,0,0,0,0,0,0,1,0,0,0,0,1,0,0
334,17,12,0,12,1,3,4,3,4,1,1,5,1,1,1,1,0,1,1,0,0,1,1,1,1,1,1,1,0,0,0,0,0,0,1,0,0,0,0,1,1,0
335,18,15,1,6,1,2,4,4,4,2,4,5,2,2,1,1,1,0,1,0,1,1,0,1,1,1,1,0,0,0,0,1,0,0,1,0,0,1,0,0,1,0
336,15,0,0,11,1,3,4,3,3,1,1,5,4,4,1,1,1,1,1,0,0,1,0,1,1,1,1,1,1,0,0,1,0,0,0,0,0,0,0,0,1,0
337,17,0,0,14,1,2,4,3,3,2,3,2,3,2,0,1,1,0,1,0,0,1,1,1,0,1,0,1,0,0,1,0,0,0,1,0,0,1,0,0,1,0
338,16,4,0,11,1,2,4,4,3,1,3,4,2,3,1,1,0,0,1,1,0,1,1,1,1,1,1,1,0,0,1,0,0,0,1,0,0,0,0,1,1,0
339,18,11,0,9,1,2,4,4,4,1,3,3,2,2,1,0,1,0,1,0,0,0,1,1,1,0,1,0,0,0,0,1,0,0,0,1,0,0,0,1,1,0
340,20,0,2,14,1,1,5,5,3,1,1,5,3,2,1,1,0,0,0,0,0,1,1,1,1,1,0,0,0,0,0,1,0,0,1,0,0,0,0,0,0,1
341,16,10,0,13,1,3,3,2,3,1,2,2,4,4,1,1,1,0,1,0,0,1,1,1,1,1,1,1,1,0,0,1,0,0,0,1,0,0,0,1,1,0
342,15,2,0,13,2,3,4,2,1,2,3,3,3,3,1,1,1,1,1,0,1,1,1,1,0,1,1,1,0,0,0,1,0,0,0,1,0,0,0,1,0,1
343,15,8,0,13,3,4,5,4,5,2,3,5,2,2,1,1,0,0,1,0,0,1,1,0,1,0,0,0,0,0,1,0,0,0,1,0,0,0,0,1,1,0
344,16,0,0,13,1,2,4,3,5,1,1,5,2,1,0,1,0,1,1,0,0,1,1,1,1,1,1,1,0,0,1,0,0,0,1,0,0,0,0,0,1,0
345,17,0,3,9,2,1,4,5,1,1,1,3,2,1,1,1,1,0,1,1,0,0,1,1,1,1,1,0,0,0,1,0,0,0,1,0,0,1,0,0,1,0
346,15,4,0,14,1,2,3,2,2,1,1,5,4,4,1,1,0,0,1,0,0,1,0,1,1,1,1,0,1,0,0,0,1,1,0,0,0,0,0,1,1,0
347,17,0,0,17,1,3,4,2,2,1,2,3,4,3,0,1,1,0,1,0,0,1,1,1,1,1,1,1,1,1,0,0,0,0,0,1,0,0,0,1,1,0
348,18,2,1,9,3,2,4,4,2,1,2,2,1,1,0,1,0,0,0,0,0,0,1,0,1,1,1,1,0,0,0,0,0,0,0,1,0,0,0,0,1,0
349,15,0,0,13,1,1,3,3,4,2,3,5,4,4,0,1,1,0,1,1,0,1,1,1,1,1,1,1,1,0,0,1,0,0,0,1,0,0,0,0,1,0
350,15,0,0,9,4,2,5,3,3,1,1,5,3,4,0,1,0,1,1,0,0,1,0,1,0,1,1,0,1,0,0,0,0,0,0,0,1,0,0,0,1,0
351,17,2,0,10,3,2,5,4,5,2,4,5,3,4,0,1,0,0,0,0,0,1,1,1,0,1,1,0,1,0,0,0,0,0,1,0,0,0,0,0,1,0
352,19,0,1,5,2,1,4,3,2,1,3,5,1,1,0,1,0,0,0,0,0,1,1,0,0,1,1,0,0,0,1,0,0,0,0,1,0,0,1,0,1,0
353,17,56,0,9,1,2,5,3,3,2,3,1,3,3,1,1,1,1,1,0,0,1,0,1,1,0,1,1,0,0,1,0,0,0,1,0,0,0,0,1,1,0
354,16,2,0,9,1,3,4,3,3,1,3,4,3,3,0,1,1,1,1,0,0,1,1,1,1,1,1,1,0,0,1,0,0,0,1,0,0,1,0,0,1,0
355,16,8,2,5,2,2,2,5,5,1,1,1,3,2,1,1,0,1,1,0,0,1,1,0,1,1,0,1,0,0,0,1,0,0,0,0,0,0,0,0,1,0
356,18,8,0,9,2,2,2,3,5,1,4,3,1,1,0,1,0,0,0,1,0,1,1,0,1,0,1,1,0,0,1,0,0,0,0,0,0,0,0,1,1,0
357,16,0,0,13,2,4,4,3,2,1,1,5,3,1,0,1,1,0,1,0,1,1,0,1,1,1,1,0,0,0,1,0,0,0,1,0,0,0,0,1,0,0
358,19,40,1,13,1,3,4,1,2,1,1,3,2,3,0,1,1,1,0,0,0,1,0,1,0,1,1,1,0,0,1,0,0,0,1,0,0,0,0,1,0,1
359,16,6,0,7,2,1,5,4,3,2,4,4,2,2,1,1,1,1,1,0,0,1,1,0,0,1,1,0,0,0,0,1,0,0,0,1,0,0,0,0,1,0
360,16,10,0,9,1,2,3,4,3,2,3,3,4,3,1,1,1,0,1,0,1,1,0,1,1,1,1,0,1,0,0,0,1,0,1,0,0,1,0,0,1,0
361,18,4,0,11,1,1,5,4,4,1,1,1,3,4,1,1,1,1,1,0,0,1,1,1,1,1,1,1,1,0,1,0,0,0,1,0,0,0,0,0,1,0
362,18,0,0,14,2,3,4,5,5,1,2,2,1,1,1,1,1,0,0,0,0,1,1,1,1,1,1,1,0,0,1,0,0,0,1,0,0,1,0,0,1,0
363,15,8,0,12,4,4,1,3,5,3,5,1,4,4,1,1,1,1,1,0,0,1,1,1,0,1,1,0,1,0,1,0,0,0,1,0,0,1,0,0,0,0
364,19,6,0,11,1,1,4,5,4,1,1,4,3,2,0,1,1,1,1,0,0,0,1,1,1,1,1,0,0,0,0,1,0,0,0,0,0,1,0,0,1,0
365,16,0,0,10,1,1,4,1,2,2,1,2,4,1,0,1,1,0,0,0,0,1,1,0,0,0,1,0,1,0,1,0,0,0,0,0,0,0,1,0,0,0
366,17,2,0,14,2,2,4,4,4,1,3,1,3,2,0,1,1,0,0,0,0,1,1,1,1,0,1,1,0,0,1,0,0,0,1,0,0,0,0,1,1,0
367,18,0,1,4,1,1,2,3,1,2,2,5,3,2,0,1,1,0,0,0,0,0,1,0,0,1,1,0,0,0,0,1,0,0,1,0,0,0,0,0,1,0
368,16,6,0,10,1,2,2,4,4,2,3,4,4,4,1,1,0,0,1,0,0,1,0,1,0,1,1,1,1,1,0,0,0,0,0,0,1,0,1,0,1,0
369,20,11,2,9,1,2,5,5,4,4,5,4,2,2,0,1,0,0,1,0,1,1,0,0,1,0,0,0,0,0,0,1,0,0,0,1,0,0,0,0,0,1
370,17,8,0,11,1,3,4,4,5,1,3,5,3,4,0,1,1,0,0,0,0,1,1,1,1,1,1,1,1,0,0,1,0,0,1,0,0,0,0,0,1,0
371,18,0,0,18,1,3,4,3,3,1,2,2,2,2,0,1,1,0,1,0,0,1,1,1,1,1,1,1,0,0,0,0,0,0,0,0,0,0,1,0,1,0
372,17,6,0,15,2,2,4,3,3,1,1,1,2,4,0,1,1,1,1,0,0,1,1,1,1,1,1,1,1,0,0,0,0,1,0,0,0,0,0,1,1,0
373,15,4,0,12,2,2,4,4,4,2,3,5,4,4,0,1,1,1,0,0,0,1,1,1,1,1,1,1,1,0,0,1,0,0,0,1,0,0,0,1,0,0
374,17,0,0,17,1,1,4,3,5,3,5,5,3,3,1,0,1,0,0,0,0,1,1,1,1,1,1,0,0,0,1,0,0,0,0,1,0,0,0,1,1,0
375,18,7,1,8,1,1,4,3,3,2,3,3,1,3,0,1,1,1,0,0,0,0,0,0,1,0,1,0,0,0,0,0,0,0,0,1,0,0,0,0,1,0
376,18,10,0,10,1,2,3,2,4,2,4,4,3,3,0,1,1,0,1,0,0,1,1,1,1,0,1,0,0,0,0,1,0,1,0,0,0,1,0,0,0,0
377,16,2,1,9,1,1,5,3,3,1,4,2,1,3,0,1,1,0,0,0,0,0,1,1,1,1,1,0,0,0,0,0,0,0,0,1,0,0,0,0,0,0
378,18,10,0,16,1,4,4,5,5,1,3,2,2,3,1,1,1,1,1,0,0,1,1,1,1,1,1,1,0,0,1,0,0,0,0,1,0,0,0,1,0,0
379,15,0,0,12,1,2,4,4,2,1,2,5,1,1,0,1,1,0,1,0,0,1,1,1,1,1,1,1,0,0,1,0,0,0,0,1,0,0,0,0,0,0
380,17,6,0,12,2,2,4,4,4,2,3,5,2,2,0,1,1,1,1,1,1,1,0,1,1,0,1,1,0,0,0,1,0,0,1,0,0,0,0,0,1,0
381,17,4,0,10,1,1,5,5,5,5,5,3,1,2,1,1,1,0,1,0,0,1,1,0,0,0,1,0,0,0,0,0,0,0,0,1,0,0,0,1,1,0
382,18,2,0,8,1,2,4,3,2,1,1,3,4,3,0,0,1,0,1,0,1,1,0,1,1,1,1,0,1,0,0,0,1,0,1,0,0,0,0,0,1,0
383,18,10,0,12,2,2,4,3,1,1,1,5,2,1,1,1,1,1,0,0,0,1,1,1,1,1,1,1,0,0,1,0,0,0,1,0,0,0,0,1,1,0
384,15,2,0,13,1,3,4,2,2,1,1,5,4,4,1,1,1,0,1,0,0,1,1,1,1,1,1,1,1,0,0,0,1,0,0,1,0,0,0,0,1,0
385,15,26,0,7,2,2,4,3,5,1,1,2,3,2,0,1,1,0,1,1,1,1,0,1,1,1,1,1,0,0,0,1,0,0,1,0,0,1,0,0,1,0
386,15,2,0,15,1,2,4,3,3,2,2,5,4,2,0,1,0,0,1,0,1,1,0,1,1,1,1,0,1,0,0,0,1,0,1,0,0,1,0,0,1,0
387,17,0,0,7,1,2,4,3,2,2,3,2,3,2,0,1,1,1,1,0,1,1,0,1,1,1,1,1,0,0,1,0,0,0,1,0,0,1,0,0,1,0
388,18,0,0,10,2,1,5,2,3,1,2,4,2,3,0,1,1,1,1,0,0,1,1,0,1,1,1,1,0,0,0,0,0,0,0,1,0,0,0,0,0,0
389,17,2,0,15,1,3,4,3,4,2,5,5,3,4,1,0,1,0,1,0,0,1,1,1,0,1,1,1,1,0,0,0,0,0,0,1,0,0,0,0,0,0
390,16,2,0,11,2,1,4,5,5,2,3,5,3,2,0,1,1,0,0,0,0,1,1,0,0,1,1,0,0,0,0,1,0,0,1,0,0,0,0,0,0,0
391,16,0,0,6,1,1,5,4,5,1,1,3,4,3,1,0,1,0,0,0,0,1,0,1,1,0,1,0,1,0,0,0,1,0,1,0,0,0,0,0,1,0
392,18,1,0,13,1,3,5,3,2,1,1,3,3,2,1,0,0,0,0,0,0,1,0,1,0,1,1,0,0,0,1,0,0,0,1,0,0,0,0,0,1,0
393,15,6,0,13,1,2,4,3,2,1,1,5,1,2,0,0,1,0,1,0,0,1,1,1,1,1,1,1,0,0,0,0,0,0,1,0,0,0,0,0,1,0
394,16,0,0,10,1,1,3,3,3,1,2,3,1,2,1,1,1,1,1,0,0,1,1,1,1,1,1,0,0,0,0,1,0,0,0,1,0,0,1,0,1,0
395,16,2,0,11,1,3,4,3,3,2,2,5,2,2,0,0,0,1,1,0,0,1,1,0,0,0,1,1,0,0,1,0,0,0,1,0,0,0,0,0,1,0
396,18,8,0,15,1,2,5,2,4,1,2,4,2,1,1,1,1,0,0,0,0,1,0,1,1,1,1,0,0,0,1,0,0,0,1,0,0,1,0,0,1,0
397,16,14,0,7,1,1,4,5,5,5,5,4,4,4,1,1,1,0,1,1,1,1,0,1,1,1,1,0,1,0,0,1,0,0,0,1,0,0,1,0,1,0
398,16,4,0,12,1,1,3,4,4,1,4,5,4,4,1,1,1,0,1,0,0,1,1,1,1,1,1,0,1,1,0,0,0,0,1,0,0,0,0,0,1,0
399,16,2,0,12,1,3,5,3,5,1,1,3,4,3,0,1,1,0,1,1,0,1,1,1,1,1,1,1,1,0,1,0,0,0,0,0,0,0,0,0,1,0
400,17,19,1,11,1,1,4,4,4,3,4,3,3,2,0,1,1,0,0,0,0,1,0,1,1,0,0,0,0,0,0,0,1,0,0,1,0,1,0,0,1,0
401,16,4,0,7,1,2,3,3,3,2,3,2,3,1,0,1,0,0,1,1,0,1,0,1,1,0,1,1,0,0,1,0,0,0,1,0,0,1,0,0,0,0
402,16,0,1,7,1,3,4,1,2,1,1,2,3,3,1,1,1,0,1,1,0,1,0,1,0,1,1,1,0,0,0,1,0,0,1,0,0,0,0,1,0,0
403,16,5,3,7,1,2,2,3,3,2,2,4,3,1,0,1,1,0,1,0,1,1,0,1,1,1,0,1,0,0,0,1,0,0,1,0,0,0,0,0,1,0
404,18,8,0,10,2,1,4,2,3,1,2,1,4,3,1,1,1,0,0,0,1,1,0,1,1,0,1,0,1,0,0,0,1,0,0,1,0,0,0,0,1,0
405,17,2,0,15,1,1,4,4,4,1,1,5,4,4,1,1,1,0,0,0,0,1,1,1,0,1,1,1,1,0,0,0,1,0,0,0,1,0,0,0,1,0
406,15,4,0,16,2,2,4,4,3,1,1,2,4,4,1,1,0,0,1,0,0,1,1,1,1,1,1,0,1,0,1,0,0,0,0,0,1,0,0,1,0,0
407,17,0,0,15,1,3,4,2,2,1,2,3,4,3,0,1,1,0,1,0,1,1,0,1,1,1,1,1,1,1,0,0,0,0,0,1,0,0,0,1,1,0
408,16,10,0,11,2,3,5,3,3,1,3,2,3,2,1,1,1,1,0,0,0,1,0,1,1,1,1,0,0,0,0,0,0,0,1,0,0,0,0,1,1,0
409,15,6,0,14,1,4,5,5,4,1,2,5,2,2,1,1,1,0,1,0,0,1,1,1,1,1,1,0,0,0,0,1,0,0,0,1,0,1,0,0,0,0
410,18,0,0,5,1,2,5,3,1,1,1,5,4,2,1,1,1,1,0,0,0,1,1,0,0,0,0,1,1,0,0,0,1,0,1,0,0,0,0,1,1,0
411,18,0,0,19,2,3,5,3,2,1,1,4,1,1,0,1,1,0,0,0,0,1,1,0,1,0,1,1,0,0,0,0,0,0,0,1,0,0,0,0,0,0
412,18,10,0,14,3,2,3,2,2,4,2,5,4,4,0,0,1,1,1,0,1,1,0,0,0,1,1,1,1,0,1,0,0,0,0,0,1,0,1,0,0,0
413,16,6,0,13,1,2,4,3,4,1,2,2,2,2,0,1,0,0,1,0,0,1,1,1,1,0,1,1,0,0,0,0,0,0,1,0,0,0,0,0,1,0
414,15,6,0,14,1,1,3,4,3,1,2,4,3,4,0,1,1,0,0,0,0,1,0,1,1,1,1,0,1,0,1,0,0,0,1,0,0,0,0,1,0,0
415,18,0,0,18,2,2,4,3,5,1,2,1,4,4,1,0,1,0,0,0,0,1,1,0,1,1,1,1,1,0,0,0,1,0,0,0,1,0,0,1,1,0
416,16,12,1,8,1,2,3,1,2,1,1,5,2,2,1,1,1,0,0,1,0,1,1,1,1,1,1,1,0,0,0,0,0,0,1,0,0,1,0,0,1,0
417,18,13,0,13,1,1,3,1,3,4,5,4,2,3,0,1,1,0,0,0,0,1,1,1,0,1,1,0,0,0,1,0,0,0,0,1,0,0,0,1,0,0
418,17,14,1,9,4,1,5,5,4,1,1,5,1,4,0,1,1,0,1,0,0,1,1,1,0,0,0,1,1,0,1,0,0,0,1,0,0,0,0,0,0,1
419,18,0,0,7,2,1,4,4,3,1,3,5,2,1,1,0,1,1,0,0,0,1,1,0,0,1,1,0,0,0,1,0,0,0,1,0,0,0,1,0,1,0
420,17,0,2,7,2,1,3,3,2,2,2,5,2,1,1,1,1,1,0,0,0,0,0,1,0,0,1,0,0,0,0,0,0,0,1,0,0,0,0,0,1,0
421,15,0,0,11,1,1,3,2,2,1,3,3,2,3,1,0,1,1,1,1,0,1,1,1,1,1,1,0,0,0,1,0,0,0,0,1,0,0,0,0,0,0
422,16,0,0,8,2,1,3,3,2,1,3,3,2,1,1,0,0,0,0,0,0,1,0,1,0,1,1,0,0,0,1,0,0,0,1,0,0,0,0,0,1,0
423,15,2,0,16,1,2,3,2,3,1,2,1,1,2,0,0,1,0,0,0,0,1,0,1,1,1,1,1,0,0,0,0,0,0,0,1,0,0,0,0,1,0
424,15,1,0,11,2,2,4,3,3,1,1,2,1,1,1,1,1,0,1,0,0,1,1,0,0,1,1,1,0,0,0,0,0,0,1,0,0,1,0,0,0,0
425,16,7,0,15,2,3,2,4,3,1,1,5,4,4,1,1,1,1,1,0,0,1,0,1,0,1,0,0,1,0,1,0,0,0,0,0,1,0,0,1,1,0
426,18,9,1,9,1,2,3,4,4,2,3,5,1,2,1,1,1,1,1,0,0,1,1,0,1,1,1,1,0,0,1,0,0,0,1,0,0,0,0,0,0,0
427,18,8,1,14,1,2,4,4,3,1,1,3,2,4,1,1,1,0,1,0,1,1,0,1,1,1,1,1,1,0,0,1,0,0,0,0,0,0,0,1,0,1
428,16,0,0,17,1,2,4,2,3,1,1,3,4,2,0,1,1,1,0,0,0,1,1,1,1,1,1,1,1,1,0,0,0,0,0,1,0,1,0,0,0,0
429,16,8,0,8,1,2,5,3,4,1,1,2,2,1,1,1,1,1,0,0,1,1,0,1,1,1,0,1,0,0,1,0,0,0,1,0,0,0,1,0,1,0
430,17,13,0,12,1,2,5,3,5,4,5,3,4,4,0,1,1,1,1,0,1,1,0,1,1,0,1,0,1,0,0,1,0,0,1,0,0,1,0,0,1,0
431,18,4,0,10,1,2,3,1,2,1,2,1,3,2,1,0,1,1,1,0,0,1,1,1,1,1,1,1,0,0,0,1,0,0,1,0,0,1,0,0,1,0
432,17,10,0,12,2,3,3,2,3,1,2,3,2,1,1,1,1,1,0,0,0,1,0,1,1,1,0,1,0,0,1,0,0,0,1,0,0,0,0,0,1,0
433,15,0,0,12,1,2,4,4,1,1,1,1,4,3,0,1,1,0,0,0,0,1,1,1,1,1,1,0,1,0,0,0,1,0,1,0,0,0,0,1,1,0
434,19,4,1,8,3,1,4,4,4,3,3,5,1,1,0,1,1,0,1,0,0,1,0,0,0,1,1,0,0,0,1,0,0,0,1,0,0,1,0,0,0,1
435,15,4,0,13,1,3,5,3,3,1,3,1,4,2,1,1,1,0,1,0,0,1,0,1,1,1,1,1,1,0,1,0,0,0,1,0,0,0,0,1,1,0
436,16,8,0,10,1,1,4,3,3,3,4,3,4,2,1,1,1,1,1,0,0,1,1,1,0,1,1,0,1,0,0,0,1,0,0,1,0,0,1,0,1,0
437,19,6,1,7,1,3,5,3,1,1,1,3,1,1,1,1,0,1,0,0,0,0,1,0,1,1,1,1,0,0,0,0,0,0,0,1,0,0,0,0,1,0
438,18,0,0,6,2,2,4,3,5,1,2,3,2,1,0,1,1,1,1,0,0,0,0,1,0,1,1,1,0,0,1,0,0,0,1,0,0,0,0,1,1,0
439,15,2,0,10,1,3,4,3,2,1,1,5,2,4,1,1,1,0,1,1,1,1,0,1,0,1,1,1,1,0,0,1,0,1,0,0,0,0,0,0,1,0
440,16,2,0,13,2,4,4,3,2,1,1,5,3,1,0,1,1,0,1,0,0,1,1,1,1,1,1,0,0,0,1,0,0,0,1,0,0,0,0,1,0,0
441,18,8,0,10,2,1,4,1,4,5,5,1,1,2,0,0,0,0,1,0,0,1,1,0,1,0,1,0,0,0,0,0,0,0,0,1,0,1,0,0,1,0
442,17,22,2,6,1,2,3,4,5,2,4,1,4,3,0,1,1,1,0,0,1,1,0,1,1,1,1,1,1,0,1,0,0,0,1,0,0,0,0,1,1,0
443,15,8,0,11,1,1,4,2,2,1,2,5,2,2,0,1,1,0,1,0,0,1,1,1,1,1,1,0,0,0,1,0,0,0,1,0,0,1,0,0,1,0
444,16,0,0,12,1,2,4,5,1,1,3,5,4,2,1,1,1,0,0,0,0,1,1,1,1,0,1,0,1,0,0,0,1,0,1,0,0,0,0,0,1,0
445,17,18,0,7,1,1,5,3,2,1,2,3,2,2,0,1,1,0,1,0,0,1,0,1,0,1,1,1,0,0,1,0,0,0,1,0,0,0,0,1,1,0
446,17,2,0,11,4,1,4,4,5,5,5,4,2,2,0,1,1,0,1,0,0,1,1,1,0,1,1,0,0,0,0,1,0,0,1,0,0,0,0,0,1,0
447,16,4,0,10,2,1,2,4,3,2,3,4,2,1,1,1,1,0,1,0,0,1,1,0,1,0,1,0,0,0,0,0,0,0,0,1,0,0,0,0,1,0
448,18,9,0,16,1,3,5,3,2,1,2,4,4,3,0,1,1,1,0,0,0,1,0,1,0,1,1,0,1,0,0,0,1,0,0,1,0,0,0,0,1,0
449,19,0,0,10,1,2,4,5,3,1,2,5,3,3,1,1,0,1,0,0,0,1,1,1,0,1,1,0,0,0,1,0,0,0,0,1,0,0,0,1,0,0
450,19,5,1,9,1,1,3,2,5,4,4,5,4,4,0,1,1,1,1,0,0,1,1,1,1,1,1,1,1,0,0,0,1,0,1,0,0,1,0,0,0,1
451,15,2,0,12,1,3,4,3,2,1,1,5,3,4,1,1,1,0,1,1,1,1,0,1,0,1,1,1,1,0,0,1,0,1,0,0,0,0,0,0,1,0
452,18,4,0,11,1,2,3,2,3,1,1,5,2,2,0,1,0,0,0,1,0,1,1,1,0,1,1,1,0,0,1,0,0,0,1,0,0,1,0,0,1,0
453,15,4,0,12,1,2,4,4,4,1,1,5,3,2,0,1,1,0,1,0,0,1,1,1,1,0,1,1,0,0,0,1,0,0,1,0,0,0,0,1,1,0
454,18,4,0,8,2,2,5,4,4,1,1,4,1,1,1,1,1,0,0,1,0,1,0,1,1,1,1,1,0,0,1,0,0,0,1,0,0,1,0,0,1,0
455,15,2,0,13,1,2,4,4,4,1,1,3,4,4,1,0,1,0,1,1,0,1,1,1,1,1,1,1,1,0,0,1,0,0,0,0,1,0,1,0,0,0
456,16,0,0,12,1,2,3,3,3,2,3,2,3,1,0,1,0,0,1,1,0,1,1,1,1,0,1,1,0,0,1,0,0,0,1,0,0,1,0,0,0,0
457,17,4,0,11,1,2,5,2,3,1,1,2,4,3,1,1,1,1,1,0,1,1,1,1,1,1,1,0,1,0,1,0,0,0,1,0,0,0,0,0,1,0
458,18,0,0,11,1,3,4,3,3,1,2,3,2,3,0,1,1,0,1,0,0,1,1,1,1,1,1,1,0,0,0,0,0,0,1,0,0,0,0,0,1,0
459,18,9,2,4,1,2,4,4,5,1,3,3,3,3,1,1,1,0,1,0,0,0,1,0,1,1,1,0,0,0,0,0,0,0,0,0,0,0,0,0,1,0
460,15,0,0,10,2,3,4,2,2,2,2,5,3,4,0,1,1,1,1,0,0,1,1,1,0,1,1,1,1,0,0,1,0,0,0,0,1,0,0,0,0,0
461,17,2,0,10,2,2,4,1,4,1,1,1,4,4,0,1,0,0,1,1,0,1,1,1,1,1,0,1,1,0,1,0,0,0,0,0,1,1,0,0,1,0
462,17,4,0,9,1,2,4,3,3,2,3,2,3,2,0,1,1,0,1,0,1,1,0,1,0,1,0,1,0,0,1,0,0,0,1,0,0,1,0,0,1,0
463,16,10,0,11,1,2,4,3,3,1,1,2,2,3,0,1,1,0,0,0,0,1,0,1,1,1,1,1,0,0,0,1,0,0,0,1,0,0,0,0,1,0
464,17,16,0,11,1,2,3,4,5,2,4,1,4,3,0,1,1,1,0,0,0,1,1,1,1,1,1,1,1,0,1,0,0,0,1,0,0,0,0,1,1,0
465,16,12,0,5,1,2,2,4,3,1,2,3,3,4,0,1,1,0,1,0,0,1,0,1,1,1,1,1,1,0,0,0,0,0,1,0,0,0,0,0,1,0
466,16,4,0,9,1,1,4,4,4,2,4,5,1,2,0,1,0,0,0,0,0,1,1,0,0,0,1,0,0,0,1,0,0,0,0,0,0,0,0,0,1,0
467,16,0,0,14,1,2,5,3,3,1,1,1,2,1,1,1,1,0,1,0,0,1,1,0,1,1,1,1,0,0,1,0,0,0,0,1,0,0,0,0,1,0
468,15,2,2,8,1,2,3,3,4,2,4,5,1,1,0,0,1,1,1,1,0,1,0,1,0,1,1,1,0,0,1,0,0,0,1,0,0,0,0,1,1,0
469,16,2,0,13,3,2,5,3,2,1,1,4,3,3,1,1,0,0,1,1,0,1,1,1,1,1,1,1,0,0,1,0,0,0,1,0,0,0,0,1,1,0
470,15,0,0,8,1,2,5,3,2,1,1,2,3,3,1,0,1,0,0,0,0,1,0,1,1,0,1,0,0,0,1,0,0,0,1,0,0,0,0,0,1,0
471,17,0,0,18,2,4,4,2,3,3,1,5,4,2,0,1,1,1,0,0,0,1,1,0,1,1,1,1,1,0,0,0,1,0,1,0,0,0,0,0,0,0
472,18,4,0,10,4,3,4,3,2,1,2,4,1,1,0,1,1,0,0,0,0,1,1,0,0,1,1,1,0,0,1,0,0,0,1,0,0,1,0,0,1,0
473,15,0,0,17,1,2,4,5,2,1,1,5,4,3,1,1,1,1,1,0,0,1,0,1,0,1,1,0,1,0,0,0,1,0,0,0,0,0,0,0,1,0
474,16,0,0,7,2,2,5,4,5,4,5,3,1,1,1,1,0,1,1,0,0,1,1,0,1,1,1,0,0,0,0,0,0,0,0,1,0,1,0,0,1,0
475,18,22,0,9,2,1,3,2,4,1,4,3,4,4,1,1,1,0,0,0,1,1,0,1,1,1,1,0,1,0,0,0,1,0,0,1,0,1,0,0,1,0
476,16,0,0,10,1,4,4,3,3,1,2,5,3,1,0,1,1,0,1,1,0,1,1,1,1,1,1,1,0,0,0,1,0,0,1,0,0,0,0,0,1,0
477,19,0,1,7,1,3,5,4,2,1,2,5,2,3,1,0,1,0,0,0,0,1,0,0,0,1,1,1,0,0,0,1,0,0,1,0,0,0,0,0,1,0
478,19,16,1,10,2,1,2,2,3,3,4,5,2,3,0,1,1,0,0,0,0,0,1,1,1,0,0,1,0,0,0,0,0,0,1,0,0,1,0,0,0,1
479,16,4,0,15,1,3,5,3,2,1,1,5,4,4,1,0,1,0,1,0,0,1,1,1,1,1,1,1,1,0,0,0,1,0,0,1,0,1,0,0,1,0
480,17,2,0,13,3,2,2,1,1,1,1,3,2,1,1,1,0,0,0,0,0,1,1,1,0,1,1,1,0,0,0,0,0,0,0,1,0,0,0,0,1,0
481,16,0,0,14,1,2,4,3,3,2,3,2,4,4,1,0,1,1,0,0,0,1,1,0,0,1,1,1,1,1,0,0,0,0,0,0,1,0,0,1,0,0
482,18,0,0,8,2,2,5,3,3,1,2,1,2,1,1,1,1,0,1,0,1,1,0,1,1,1,1,1,0,0,0,1,0,0,1,0,0,0,0,0,1,0
483,16,2,0,16,1,3,5,3,3,1,1,5,3,3,1,1,1,0,1,0,0,1,0,1,1,1,1,0,0,0,0,1,0,0,1,0,0,1,0,0,0,0
484,15,0,0,13,1,2,4,4,4,2,4,2,4,3,1,1,1,1,0,1,0,1,1,1,1,0,1,1,1,0,0,1,0,0,0,1,0,0,0,1,0,0
485,16,0,0,10,1,3,4,4,3,1,1,5,1,2,0,1,1,0,0,1,0,1,1,0,1,1,0,0,0,0,1,0,0,0,1,0,0,0,1,0,1,0
486,19,12,0,10,3,3,1,5,5,4,3,5,1,1,1,1,0,1,0,0,0,0,1,1,1,1,1,1,0,0,1,0,0,0,1,0,0,0,0,0,0,1
487,16,0,0,10,2,1,4,5,5,2,4,5,1,1,1,1,1,0,0,0,0,1,1,0,0,0,1,0,0,0,0,0,0,0,1,0,0,0,0,0,1,0
488,17,2,0,9,2,1,5,2,2,1,1,2,2,3,0,1,1,0,0,0,0,1,1,1,1,1,1,0,0,0,1,0,0,0,1,0,0,0,0,0,0,0
489,16,6,0,12,1,2,5,4,2,1,2,5,4,3,1,1,1,0,1,0,0,1,1,1,1,0,1,0,1,0,0,1,0,0,1,0,0,0,0,1,1,0
490,17,12,0,11,1,2,4,2,2,1,1,3,2,2,0,1,0,1,1,0,0,1,0,1,1,1,1,1,0,0,1,0,0,0,1,0,0,0,0,0,1,0
491,18,4,0,17,1,2,3,2,4,1,4,2,4,4,1,0,1,0,0,0,0,1,1,0,1,1,1,0,1,0,0,0,1,0,0,0,1,1,0,0,0,0
492,17,0,0,18,2,4,3,1,2,1,1,3,3,1,0,1,0,0,1,0,0,1,1,1,0,0,1,1,0,0,0,1,0,0,1,0,0,0,0,1,1,0
493,18,0,0,11,1,3,4,3,3,1,1,3,2,2,1,1,1,1,1,0,0,1,1,1,1,1,1,1,0,0,0,0,0,0,0,1,0,1,0,0,1,0
494,17,4,0,11,1,1,4,1,2,1,1,5,1,0,0,1,0,1,0,0,0,1,1,0,1,0,0,0,0,0,1,0,0,0,1,0,0,1,0,0,1,0
495,18,0,1,7,1,2,5,5,4,3,5,2,2,2,0,1,1,0,0,0,0,0,0,1,1,1,1,0,0,0,1,0,0,0,0,1,0,0,0,1,0,0
496,17,6,0,6,2,2,4,1,4,1,1,1,4,4,0,1,0,0,1,1,0,1,0,1,1,1,0,1,1,0,1,0,0,0,0,0,1,1,0,0,1,0
497,18,0,0,7,1,2,5,3,4,1,1,4,3,3,1,1,1,0,0,0,0,1,0,1,1,1,1,1,0,0,0,1,0,0,0,1,0,1,0,0,1,0
498,16,2,0,8,1,2,4,3,5,1,1,5,2,1,0,1,0,1,1,0,1,1,0,1,1,1,1,1,0,0,1,0,0,0,1,0,0,0,0,0,1,0
499,18,0,0,11,2,3,5,4,5,1,4,3,2,2,0,1,1,1,0,0,0,1,1,0,1,0,1,1,0,0,0,1,0,0,0,1,0,0,0,0,0,0
500,17,2,1,7,2,1,4,4,4,1,2,5,1,1,1,1,1,0,1,0,0,1,0,1,1,0,1,0,0,1,0,0,0,0,1,0,0,0,0,0,1,0
501,17,5,0,11,2,2,5,3,3,1,2,2,2,1,1,1,1,1,0,0,0,1,1,0,0,0,0,1,0,0,0,1,0,0,1,0,0,0,0,1,1,0
502,18,2,0,17,2,4,5,2,2,1,1,3,1,1,1,1,0,0,1,0,0,1,1,1,0,0,1,1,0,0,0,0,0,0,1,0,0,0,0,1,1,0
503,16,0,1,10,1,2,4,5,5,4,4,5,3,3,0,1,1,1,1,0,0,1,1,1,1,1,1,0,0,0,1,0,0,0,0,1,0,0,0,0,0,0
504,16,4,0,13,2,3,2,4,3,1,1,5,4,4,1,1,1,1,1,0,0,1,1,1,0,1,0,0,1,0,1,0,0,0,0,0,1,0,0,1,1,0
505,15,2,1,8,3,1,5,5,5,1,1,1,1,1,1,1,1,1,0,0,0,1,1,1,0,1,1,1,0,0,1,0,0,0,1,0,0,0,0,0,1,0
506,18,2,0,12,2,2,4,3,5,1,1,1,2,2,1,0,1,0,0,0,0,1,1,0,1,1,1,1,0,0,0,1,0,0,0,0,0,0,0,1,0,0
507,18,4,0,10,3,1,4,4,1,3,4,5,3,2,0,0,1,0,0,0,0,1,1,0,0,0,1,0,0,0,0,1,0,0,1,0,0,0,0,0,1,0
508,17,6,1,10,1,1,4,1,2,1,1,3,3,1,0,1,1,1,1,0,1,1,1,1,1,1,1,1,0,0,1,0,0,0,0,0,0,1,0,0,1,0
509,18,0,3,6,1,1,2,3,5,2,5,4,1,1,0,1,1,1,0,0,0,0,0,1,1,0,1,0,0,0,1,0,0,0,1,0,0,0,0,0,1,0
510,15,2,0,12,1,1,5,3,3,1,1,5,4,4,1,0,1,0,1,0,1,1,1,1,1,1,1,0,1,0,0,1,0,0,1,0,0,0,0,0,1,0
511,16,2,0,10,4,3,4,4,3,1,1,5,1,1,0,1,0,0,1,1,0,1,1,0,0,1,1,1,0,0,0,0,0,0,1,0,0,0,1,0,0,0
512,15,2,0,19,1,2,4,3,3,1,1,5,4,4,1,1,1,0,1,0,0,1,0,1,1,1,1,0,1,0,0,1,0,0,0,0,1,0,0,0,0,0
513,18,2,0,15,1,2,4,3,2,1,4,5,4,2,1,1,1,1,1,0,0,1,1,1,1,1,1,0,1,0,0,0,1,0,1,0,0,1,0,0,1,0
514,19,0,1,9,2,3,4,3,1,1,1,5,2,1,1,1,1,1,0,0,0,1,1,1,0,0,1,0,0,0,0,0,0,0,0,1,0,0,0,0,1,0
515,18,6,0,11,2,1,3,2,4,1,4,3,4,4,1,1,1,0,0,0,0,1,1,1,1,1,1,0,1,0,0,0,1,0,0,1,0,1,0,0,1,0
516,15,2,0,9,1,2,4,3,2,2,3,4,1,1,1,0,1,0,1,0,0,1,0,1,1,1,1,1,0,0,1,0,0,0,1,0,0,1,0,0,0,0
517,19,3,1,13,1,2,4,5,2,2,2,4,1,2,0,0,1,0,0,0,0,1,0,1,1,1,1,0,0,0,1,0,0,0,0,1,0,0,0,0,0,1
518,15,2,0,10,1,3,5,3,2,1,2,5,2,3,0,0,1,0,0,1,0,1,1,1,1,1,1,0,0,0,1,0,0,0,1,0,0,1,0,0,1,0
519,17,0,0,10,1,4,3,4,1,1,1,2,2,2,1,1,1,1,0,0,1,1,0,1,1,0,1,1,0,0,0,1,0,0,0,1,0,0,0,0,0,0
520,18,2,0,14,1,3,4,3,4,1,1,5,4,3,1,1,1,1,1,0,0,1,1,1,1,1,1,1,1,0,1,0,0,0,1,0,0,0,0,0,1,0
521,16,0,0,12,1,2,5,1,5,1,1,4,2,2,0,0,1,0,1,0,0,1,1,1,1,1,1,1,0,0,1,0,0,0,1,0,0,1,0,0,1,0
522,17,8,0,16,1,1,2,2,2,3,3,5,1,2,0,1,0,0,0,0,0,1,0,1,0,0,1,0,0,0,1,0,0,0,1,0,0,0,0,1,1,0
523,15,0,0,17,2,2,4,3,1,1,1,5,4,4,1,1,1,0,1,0,0,1,0,1,1,1,1,0,1,0,0,1,0,0,0,1,0,0,0,1,1,0
524,17,2,0,14,1,4,4,2,3,1,1,4,4,2,1,1,1,0,1,0,0,1,1,1,1,0,1,1,1,0,0,0,1,0,0,1,0,0,0,1,1,0
525,15,8,0,7,1,4,5,1,2,1,1,3,2,2,0,1,1,0,1,1,1,1,0,1,1,1,1,1,0,0,1,0,0,0,1,0,0,0,0,0,1,0
526,17,0,0,8,1,1,3,2,2,1,1,5,4,1,0,1,0,1,1,0,0,1,1,0,1,1,1,1,1,1,0,0,0,0,0,0,0,0,0,0,1,0
527,15,0,0,14,1,2,5,5,1,1,1,5,3,4,1,1,1,0,1,0,1,1,0,1,1,1,1,0,1,0,1,0,0,0,1,0,0,1,0,0,1,0
528,19,0,0,10,1,2,4,3,3,1,1,5,2,2,0,1,1,0,1,0,0,1,1,1,1,1,1,1,0,0,0,1,0,0,0,1,0,1,0,0,1,0
529,16,6,1,9,1,1,4,4,4,3,5,5,2,1,1,1,0,1,0,0,0,1,1,1,1,0,1,0,0,0,0,0,0,0,1,0,0,0,0,0,1,0
530,16,6,0,16,1,2,5,4,4,1,2,5,4,4,1,1,1,0,1,0,0,1,1,1,1,1,1,0,1,0,0,0,1,0,0,0,1,0,0,0,0,0
531,17,0,0,12,1,3,4,3,3,1,1,4,2,2,1,1,1,0,1,0,0,1,1,1,1,1,1,1,0,0,0,0,0,0,0,0,0,0,0,0,1,0
532,17,0,0,10,3,2,5,1,3,3,3,1,1,1,0,1,1,1,0,0,0,1,1,0,1,1,1,0,0,0,0,0,0,0,0,1,0,0,1,0,1,0
533,17,2,0,10,1,1,5,3,3,1,4,2,1,3,0,1,1,0,0,0,0,0,0,1,1,1,1,0,0,0,0,0,0,0,0,1,0,0,0,0,0,0
534,17,6,0,7,2,3,4,4,2,1,1,4,4,3,1,1,1,1,1,0,1,1,0,1,0,1,1,1,1,0,0,0,1,0,1,0,0,0,0,1,1,0
535,19,2,2,8,3,2,5,3,4,1,1,4,1,1,0,0,1,1,1,0,0,1,1,1,1,0,0,1,0,0,1,0,0,0,1,0,0,0,0,0,0,1
536,16,6,0,6,3,2,4,3,2,1,3,5,1,1,0,1,1,0,1,0,0,1,1,0,1,0,1,1,0,0,0,0,0,0,1,0,0,0,1,0,1,0
537,17,2,0,10,2,1,5,5,5,1,3,3,2,3,0,1,1,0,1,0,0,1,1,0,0,1,1,1,0,0,1,0,0,0,1,0,0,0,0,0,1,0
538,18,0,0,18,1,1,1,4,2,2,2,1,4,4,0,1,1,1,1,0,0,1,1,1,1,0,1,0,1,0,0,0,1,0,0,0,1,1,0,0,1,0
539,16,0,0,7,1,3,4,3,3,1,3,4,3,3,0,1,1,1,1,0,1,1,0,1,1,1,1,1,0,0,1,0,0,0,1,0,0,1,0,0,1,0
540,15,2,0,13,1,2,4,3,2,2,3,4,1,1,1,0,1,0,1,0,0,1,1,1,1,1,1,1,0,0,1,0,0,0,1,0,0,1,0,0,0,0
541,16,4,0,8,1,2,4,3,4,1,2,3,4,4,0,1,1,1,1,0,0,1,1,0,1,1,1,1,1,1,0,0,0,1,0,0,0,0,0,0,1,0
542,17,3,0,14,2,1,2,4,5,3,4,2,3,1,0,0,1,0,0,0,0,1,0,0,1,0,1,0,0,0,0,1,0,0,0,1,0,0,0,0,1,0
543,16,6,0,12,1,1,3,1,3,1,3,5,4,3,1,1,1,0,0,0,0,1,1,1,1,0,1,0,1,1,0,0,0,0,1,0,0,1,0,0,0,0
544,15,0,0,9,1,2,5,4,2,3,4,5,4,4,0,0,1,0,1,0,1,1,0,1,1,1,1,0,1,1,0,0,0,0,0,1,0,1,0,0,1,0
545,15,4,0,10,2,1,5,5,5,3,4,5,4,2,0,1,0,0,0,0,0,1,1,1,1,0,0,0,1,1,0,0,0,1,0,0,0,0,1,0,0,0
546,17,0,0,8,1,1,4,4,2,2,4,5,2,1,0,0,1,0,0,0,0,1,0,1,0,1,1,0,0,0,1,0,0,0,1,0,0,0,0,0,1,0
547,16,0,0,13,1,2,5,4,3,2,1,2,1,1,0,0,0,1,1,0,0,1,1,0,1,1,1,1,0,0,0,0,0,0,1,0,0,0,0,0,0,0
548,18,16,1,9,1,2,5,3,1,1,1,5,2,2,0,0,1,1,1,0,0,1,1,1,1,0,1,1,0,0,0,0,0,0,0,1,0,0,0,0,1,0
549,16,0,1,14,1,2,4,4,4,1,3,5,1,1,0,1,0,1,0,0,0,1,0,1,1,0,1,0,0,0,0,1,0,0,1,0,0,0,0,0,1,0
550,16,4,1,9,3,1,3,4,5,2,4,2,3,4,1,0,1,0,1,0,0,1,1,1,1,1,1,0,1,0,1,0,0,0,1,0,0,0,0,0,0,0
551,18,0,0,10,1,3,5,4,5,2,3,5,4,3,0,1,1,1,1,0,1,1,0,1,1,1,1,0,1,0,0,0,1,0,1,0,0,0,0,0,1,0
552,15,2,1,7,2,4,3,1,2,1,1,1,1,1,1,1,1,0,1,1,1,1,0,1,0,1,1,1,0,0,0,0,0,0,1,0,0,1,0,0,1,0
553,18,3,0,9,1,3,4,3,3,2,2,3,4,4,1,1,1,0,0,0,0,1,0,1,1,1,1,0,1,0,1,0,0,0,1,0,0,0,0,0,1,0
554,17,7,0,12,1,3,4,4,3,1,1,5,2,4,0,1,1,1,1,0,0,1,0,1,0,1,1,1,1,0,0,0,0,0,1,0,0,0,0,0,0,0
555,17,12,0,7,2,2,4,4,4,4,5,5,1,2,1,0,1,0,0,0,1,1,0,1,1,1,1,0,0,0,0,0,0,0,0,1,0,0,1,0,0,1
556,18,4,1,9,2,1,3,2,3,1,1,2,1,1,0,0,1,1,0,0,0,0,1,0,0,1,1,1,0,0,0,0,0,0,0,0,0,0,0,0,1,0
557,15,2,0,8,2,2,4,1,3,1,3,4,2,2,0,1,1,0,1,1,1,1,0,1,0,0,1,1,0,1,0,0,0,0,0,1,0,0,0,1,1,0
558,16,18,0,8,1,2,4,1,3,3,5,5,4,4,0,1,0,0,1,0,0,1,0,1,1,0,0,0,1,0,0,0,1,1,0,0,0,0,0,1,1,0
559,16,2,0,10,1,1,5,4,3,1,1,5,2,1,0,1,1,1,1,0,0,1,1,0,0,0,1,1,0,0,1,0,0,0,1,0,0,1,0,0,1,0
560,18,10,0,12,1,3,4,3,3,5,1,5,3,2,1,0,1,1,1,0,0,1,1,1,1,1,0,1,0,0,1,0,0,0,0,1,0,0,0,0,0,1
561,19,0,1,15,1,2,4,5,3,1,2,5,3,3,1,1,0,1,0,0,0,1,0,1,0,1,1,0,0,0,1,0,0,0,0,1,0,0,0,1,0,0
562,16,0,0,9,1,2,4,5,2,1,2,3,4,4,0,1,1,0,1,0,1,1,0,1,1,0,1,1,1,0,0,0,1,0,0,0,1,0,0,1,1,0
563,17,8,1,8,2,1,3,3,2,2,2,5,2,1,1,1,1,1,0,0,1,0,1,1,0,0,1,0,0,0,0,0,0,0,1,0,0,0,0,0,1,0
564,18,3,0,14,3,1,4,3,3,2,3,3,1,2,1,1,1,1,1,0,1,0,0,0,0,0,1,0,0,0,0,0,0,0,0,1,0,0,1,0,0,0
565,17,12,0,10,1,1,3,4,4,1,3,5,2,2,0,1,1,1,1,0,0,1,0,1,1,0,1,1,0,0,1,0,0,0,1,0,0,0,0,0,0,0
566,19,2,0,14,2,2,2,3,4,2,3,2,4,4,1,1,1,0,1,0,0,1,1,1,1,1,1,1,1,1,0,0,0,0,1,0,0,0,0,1,0,1
567,16,2,0,13,2,2,4,3,2,1,1,3,1,0,1,1,1,1,1,0,1,1,0,1,1,1,1,0,0,0,1,0,0,0,1,0,0,0,0,1,1,0
568,16,0,0,14,1,2,3,2,2,1,1,3,2,1,0,1,1,1,0,0,0,1,1,0,1,0,1,1,0,0,1,0,0,0,0,1,0,0,1,0,1,0
569,17,4,0,7,1,1,3,5,5,1,3,1,1,2,1,1,1,0,0,0,0,1,1,0,0,1,1,1,0,0,1,0,0,0,1,0,0,0,0,0,1,0
570,22,16,3,6,1,1,5,4,5,5,5,1,3,1,0,0,1,1,0,0,0,0,0,1,1,1,1,0,0,0,0,1,0,0,0,1,0,0,1,0,1,0
571,17,4,0,13,1,1,5,2,3,1,2,5,4,4,0,1,1,0,0,0,0,1,1,1,1,1,1,0,1,0,0,1,0,0,0,0,1,1,0,0,1,0
572,19,14,2,15,1,3,4,1,2,1,1,3,1,1,0,0,1,1,0,0,0,1,0,1,1,1,1,1,0,0,0,0,0,1,0,0,0,1,0,0,0,1
573,15,0,0,11,2,1,4,4,2,1,1,5,2,1,1,1,1,1,1,0,0,0,1,1,1,0,0,1,0,0,0,0,0,0,1,0,0,1,0,0,1,0
574,15,6,0,10,1,1,5,3,4,4,4,1,3,3,0,1,1,0,0,0,1,1,0,1,1,0,0,1,0,0,1,0,0,0,1,0,0,0,1,0,1,0
575,19,0,0,12,1,3,5,4,5,1,1,1,2,2,0,1,1,1,0,0,0,1,1,0,1,0,1,1,0,0,1,0,0,0,1,0,0,1,0,0,1,0
576,15,2,0,15,1,3,5,4,3,1,1,4,4,3,1,1,1,0,1,0,0,1,0,1,1,0,1,0,1,0,0,0,1,0,0,1,0,1,0,0,1,0
577,16,2,0,7,1,1,3,1,3,1,4,3,3,2,0,1,1,0,0,0,0,1,1,0,1,1,1,1,0,0,0,1,0,0,0,0,0,0,0,0,1,0
578,17,2,0,12,2,2,4,3,3,1,2,5,4,4,1,1,1,0,1,0,1,1,1,0,0,1,1,1,1,0,0,0,1,0,0,1,0,0,1,0,0,0
579,16,6,1,10,1,2,3,1,2,1,1,5,2,2,1,1,1,0,0,1,0,1,0,1,1,1,1,1,0,0,0,0,0,0,1,0,0,1,0,0,1,0
580,18,6,0,15,2,2,4,2,5,3,4,1,3,4,1,1,1,0,1,0,0,1,1,1,0,0,0,0,1,0,1,0,0,0,1,0,0,0,0,1,1,0
581,19,0,0,10,2,2,2,3,4,2,3,2,4,4,1,1,1,0,1,0,1,1,0,1,1,1,1,1,1,1,0,0,0,0,1,0,0,0,0,1,0,1
582,17,8,0,8,2,1,4,4,4,2,3,4,2,2,0,1,1,0,0,0,0,0,1,1,1,1,1,0,0,0,1,0,0,0,1,0,0,1,0,0,0,0
583,17,0,0,12,1,2,5,3,3,1,1,3,1,1,1,1,1,0,0,0,0,1,1,1,1,1,1,1,0,0,0,0,0,0,0,1,0,0,0,0,1,0
584,17,0,0,7,1,1,5,5,1,1,1,3,1,2,0,1,1,0,0,0,0,1,1,0,1,0,1,1,0,0,0,0,0,0,1,0,0,0,0,0,0,0
585,18,10,0,10,2,2,4,4,5,1,2,2,4,3,0,1,1,1,1,0,1,1,0,1,1,0,1,1,1,0,1,0,0,0,1,0,0,1,0,0,0,1
586,18,9,0,13,1,2,4,3,5,1,4,2,3,4,1,1,1,1,0,0,0,1,1,1,1,0,0,0,1,0,1,0,0,0,1,0,0,0,0,1,0,1
587,16,0,0,13,4,4,4,3,2,1,1,1,1,1,0,0,1,0,1,0,0,1,1,0,0,1,1,1,0,0,1,0,0,0,1,0,0,1,0,0,0,0
588,15,10,0,18,1,1,3,5,2,1,1,3,4,2,0,1,1,0,0,0,0,1,0,1,1,0,1,0,1,0,0,0,1,0,1,0,0,0,0,0,1,0
589,19,38,1,8,2,1,4,3,4,1,1,4,4,4,0,1,1,1,1,0,1,1,0,1,1,1,1,0,1,0,0,0,1,0,0,1,0,0,0,1,0,1
590,19,0,1,9,1,1,4,4,4,1,1,2,2,3,0,1,1,1,0,0,0,0,1,0,1,1,1,1,0,0,0,0,0,0,0,1,0,0,0,0,0,1
591,19,4,0,11,1,2,4,3,1,1,1,1,4,3,0,1,1,0,1,0,0,1,1,1,1,0,0,0,1,0,0,1,0,0,0,0,0,0,0,1,1,0
592,16,0,2,4,2,1,4,3,2,1,1,5,3,3,1,0,1,1,1,0,0,1,0,1,1,1,0,1,0,0,1,0,0,0,1,0,0,0,0,0,0,1
593,16,0,0,16,1,3,4,4,3,1,1,4,4,4,1,1,1,1,1,0,0,1,0,1,1,1,1,0,1,0,0,1,0,0,0,0,1,0,1,0,0,0
594,17,30,1,14,2,1,4,2,4,2,3,2,4,4,0,1,1,0,1,0,0,1,1,1,1,1,1,1,1,0,0,1,0,0,0,0,1,1,0,0,1,0
595,18,0,0,12,2,2,4,4,3,1,2,4,1,2,0,1,1,0,0,0,0,1,1,0,1,0,0,1,0,0,0,0,0,0,1,0,0,0,0,1,1,0
596,16,2,0,15,1,2,4,5,1,1,3,5,4,2,1,1,1,0,0,0,0,1,0,1,1,0,1,0,1,0,0,0,1,0,1,0,0,0,0,0,1,0
597,15,0,0,12,4,1,4,5,5,2,5,5,2,1,0,1,1,0,0,0,0,1,1,1,1,0,0,0,0,0,0,1,0,0,1,0,0,0,0,0,1,0
598,17,0,0,11,2,2,5,1,3,1,1,5,2,2,0,1,0,0,0,1,1,1,1,0,0,1,1,1,0,0,1,0,0,0,1,0,0,0,1,0,1,0
599,16,4,0,19,1,4,4,2,2,1,1,2,4,3,1,1,1,0,0,0,0,1,0,1,1,1,1,0,1,1,0,0,0,0,0,1,0,0,0,1,1,0
600,15,6,1,11,2,1,5,5,5,3,4,5,4,2,0,1,0,0,0,0,0,1,0,1,1,0,0,0,1,1,0,0,0,1,0,0,0,0,1,0,0,0
601,16,0,0,11,1,2,4,2,3,1,2,3,3,3,1,1,1,1,0,0,0,1,1,1,1,1,1,0,0,0,0,1,0,0,1,0,0,1,0,0,1,0
602,18,0,0,14,2,3,5,4,2,1,1,4,3,2,1,1,1,0,1,0,0,1,1,1,0,0,1,0,0,0,0,1,0,0,1,0,0,0,0,1,1,0
603,19,0,1,6,2,1,4,3,2,1,3,5,1,1,0,1,0,0,0,0,0,1,0,0,0,1,1,0,0,0,1,0,0,0,0,1,0,0,1,0,1,0
604,18,0,0,13,2,2,4,4,5,1,2,2,4,3,0,1,1,1,1,0,0,1,1,1,1,0,1,1,1,0,1,0,0,0,1,0,0,1,0,0,0,1
605,16,6,0,11,1,1,5,3,4,1,2,1,4,4,1,0,1,0,0,0,0,1,0,1,1,1,1,1,1,0,1,0,0,0,1,0,0,0,0,1,1,0
606,15,2,0,15,1,3,3,2,2,1,1,5,4,2,1,1,1,1,1,0,1,1,0,1,1,1,1,1,1,1,0,0,0,0,0,1,0,1,0,0,1,0
607,16,2,0,7,3,2,4,2,1,1,1,2,3,4,0,0,0,0,1,0,0,1,1,0,0,0,1,1,1,0,0,0,0,0,1,0,0,0,1,0,1,0
608,15,2,0,11,1,3,4,3,2,1,1,5,3,4,1,1,1,0,1,1,0,1,1,1,0,1,1,1,1,0,0,1,0,1,0,0,0,0,0,0,1,0
609,17,0,0,11,2,1,4,1,1,2,2,5,4,4,0,1,1,0,0,0,1,1,0,1,1,0,1,0,1,0,1,0,0,0,0,0,1,1,0,0,0,0
610,18,2,0,10,1,2,4,3,2,1,1,3,4,3,0,0,1,0,1,0,0,1,1,1,1,1,1,0,1,0,0,0,1,0,1,0,0,0,0,0,1,0
611,16,0,0,11,1,1,4,3,2,2,4,5,0,2,0,0,1,0,0,0,0,1,1,1,1,1,1,0,0,0,1,0,0,0,1,0,0,0,1,0,1,0
612,17,3,0,10,2,1,3,5,5,2,2,4,1,1,1,1,1,1,1,0,0,0,1,0,0,1,1,1,0,0,0,0,0,0,0,0,0,0,0,0,0,0
613,17,17,0,10,1,2,4,5,4,2,3,1,3,1,1,0,1,0,1,0,1,1,0,0,0,1,1,1,0,0,0,0,0,0,1,0,0,0,0,1,1,0
614,17,0,0,17,2,2,4,3,3,1,2,4,4,2,0,1,1,0,1,0,0,1,1,0,1,1,1,1,1,0,1,0,0,0,1,0,0,0,0,0,1,0
615,17,14,0,12,2,2,2,5,5,1,4,5,4,3,1,1,1,1,0,0,0,1,0,1,1,0,1,0,1,1,0,0,0,0,1,0,0,0,0,0,1,0
616,17,4,0,14,1,2,4,4,2,5,5,4,2,2,1,0,1,1,0,0,1,1,0,1,1,0,1,0,0,0,1,0,0,0,1,0,0,1,0,0,0,0
617,17,2,0,11,1,2,4,5,5,1,2,3,1,1,1,1,1,1,0,0,0,1,1,0,1,1,0,1,0,0,0,0,0,0,0,0,0,0,1,0,1,0
618,17,2,0,10,1,4,3,4,1,1,1,2,2,2,1,1,1,1,0,0,0,1,1,1,1,0,1,1,0,0,0,1,0,0,0,1,0,0,0,0,0,0
619,15,6,0,18,1,1,5,5,3,1,1,4,4,4,1,1,1,0,0,0,0,1,0,1,1,0,0,0,1,0,0,0,1,0,0,0,1,0,0,0,1,0
620,15,8,0,10,1,1,5,4,3,2,4,5,4,4,0,0,1,1,1,0,0,1,1,1,1,0,1,0,1,0,0,0,1,0,1,0,0,1,0,0,0,1
621,18,15,0,12,2,2,4,1,1,1,1,5,3,2,0,0,1,1,0,0,0,0,1,1,0,1,0,1,0,0,1,0,0,0,0,1,0,1,0,0,1,0
622,15,4,0,13,1,1,5,5,3,1,1,4,4,4,1,1,1,0,0,0,0,1,1,1,1,0,0,0,1,0,0,0,1,0,0,0,1,0,0,0,1,0
623,18,2,0,9,4,2,4,3,2,4,5,3,2,1,1,1,1,1,1,1,0,1,1,1,1,0,1,0,0,0,0,0,0,0,1,0,0,0,0,0,1,0
624,18,0,0,9,1,3,4,3,3,1,1,3,2,2,1,1,1,1,1,0,1,1,0,1,1,1,1,1,0,0,0,0,0,0,0,1,0,1,0,0,1,0
625,15,0,3,6,1,2,3,3,2,1,1,3,3,2,0,1,1,0,1,0,0,1,0,1,1,1,1,1,0,1,0,0,0,0,0,1,0,1,0,0,0,0
626,17,4,0,12,2,1,5,2,2,1,1,2,2,3,0,1,1,0,0,0,0,1,0,1,1,1,1,0,0,0,1,0,0,0,1,0,0,0,0,0,0,0
627,15,6,0,11,1,2,2,3,4,2,4,1,1,2,0,0,0,1,0,0,0,1,1,1,1,1,1,1,0,0,0,0,0,0,0,1,0,0,0,0,0,0
628,18,14,0,12,1,2,4,2,4,1,1,4,4,4,0,1,1,1,1,0,0,1,0,1,1,0,0,1,1,1,0,0,0,0,1,0,0,1,0,0,1,0
629,19,0,1,9,1,2,3,3,3,4,3,3,3,2,0,1,1,0,1,1,0,0,1,1,0,1,1,1,0,0,0,1,0,0,0,1,0,0,0,1,0,0
630,17,2,0,10,2,2,4,3,3,1,1,1,2,4,0,1,1,1,1,0,1,1,0,1,1,1,1,1,1,0,0,0,0,1,0,0,0,0,0,1,1,0
631,17,7,0,10,1,3,5,4,4,1,3,4,4,4,1,1,1,0,1,0,1,1,0,1,1,1,1,1,1,0,0,0,1,0,0,1,0,0,0,0,1,0
632,16,3,1,9,1,3,1,3,2,1,2,4,1,2,0,1,0,0,1,0,0,1,1,0,1,1,1,1,0,0,1,0,0,0,0,1,0,0,0,0,1,0
633,15,0,0,14,1,3,4,5,2,1,1,3,2,2,0,1,1,1,1,0,0,1,0,1,1,1,0,0,0,0,1,0,0,0,1,0,0,1,0,0,0,1
634,17,0,0,16,1,2,2,3,4,1,1,1,4,4,1,1,1,1,1,0,1,1,0,0,1,0,1,1,1,0,0,0,0,0,0,0,0,0,0,0,1,0
635,17,0,0,12,2,1,4,1,1,2,2,5,4,4,0,1,1,0,0,0,0,1,1,1,1,0,1,0,1,0,1,0,0,0,0,0,1,1,0,0,0,0
636,17,0,0,9,2,1,5,2,2,1,1,4,2,2,0,0,0,0,0,0,0,0,1,1,0,1,1,0,0,0,1,0,0,0,0,1,0,0,1,0,1,0
637,18,4,1,6,1,1,3,2,5,2,5,5,2,1,0,0,1,0,0,0,0,0,0,1,1,1,1,0,0,0,0,1,0,0,0,1,0,0,1,0,1,0
638,17,2,0,6,2,2,4,2,5,1,2,5,2,1,1,1,1,0,1,0,0,1,0,1,0,1,1,1,0,0,0,0,0,0,0,1,0,0,0,1,1,0
639,15,2,0,10,1,3,4,3,2,1,1,5,2,4,1,1,1,0,1,1,0,1,1,1,0,1,1,1,1,0,0,1,0,1,0,0,0,0,0,0,1,0
640,17,0,0,16,1,2,5,4,2,2,3,5,2,4,1,1,0,0,1,0,0,1,0,1,1,1,1,1,1,0,0,1,0,0,0,1,0,0,0,1,0,0
641,15,8,0,7,4,2,5,4,5,2,4,4,1,1,1,1,0,1,1,0,0,1,1,0,0,1,1,0,0,0,1,0,0,0,1,0,0,0,0,0,1,0
642,15,0,0,10,2,2,5,4,3,1,2,4,1,1,0,1,1,0,1,0,0,1,1,0,0,0,1,1,0,0,0,0,0,0,0,1,0,0,0,1,0,0
643,16,10,0,15,1,2,5,4,2,1,2,5,4,3,1,1,1,0,1,0,1,1,0,1,1,0,1,0,1,0,0,1,0,0,1,0,0,0,0,1,1,0
644,16,4,0,12,1,2,4,4,5,5,5,5,4,4,1,1,1,1,1,0,1,1,1,1,1,1,1,0,1,0,0,0,1,0,0,0,1,1,0,0,1,0
645,17,1,0,13,1,1,4,2,3,1,2,5,4,1,0,1,1,1,0,0,0,1,1,0,0,1,1,1,1,0,1,0,0,0,1,0,0,0,1,0,1,0
646,18,0,0,10,2,1,4,2,3,1,2,1,4,3,1,1,1,0,0,0,0,1,1,1,1,0,1,0,1,0,0,0,1,0,0,1,0,0,0,0,1,0
647,16,2,0,16,1,2,4,3,5,1,5,2,4,3,1,1,1,0,1,0,0,1,0,1,1,1,1,1,1,1,0,0,0,0,1,0,0,1,0,0,1,0
648,18,5,0,14,1,3,4,3,4,1,2,2,3,2,0,1,1,1,1,0,0,1,1,1,1,1,1,1,0,0,0,0,0,0,1,0,0,0,0,1,0,0
649,16,4,0,14,1,3,5,4,5,1,1,4,4,4,1,1,1,1,1,0,1,1,0,1,1,0,1,1,1,1,0,0,0,1,0,0,0,0,1,0,1,0
650,16,4,0,14,1,2,1,3,2,1,1,1,4,3,1,1,1,1,0,0,0,1,1,1,1,1,1,1,1,0,0,0,1,0,1,0,0,0,1,0,1,0
651,18,0,1,8,2,1,5,5,5,1,1,3,2,2,0,1,1,1,0,0,0,0,1,0,0,1,1,1,0,0,1,0,0,0,1,0,0,0,1,0,1,0
652,16,2,0,16,3,2,5,4,3,1,2,1,4,3,1,1,1,0,1,0,0,1,1,1,1,0,1,1,1,0,0,0,1,0,0,1,0,0,0,0,1,0
653,20,8,1,11,2,2,3,3,4,2,4,3,3,3,1,1,1,1,0,0,0,1,1,0,1,1,1,1,0,0,0,0,0,0,0,1,0,0,1,0,1,0
654,18,0,0,10,1,2,5,3,4,1,1,5,3,3,0,1,0,1,1,0,0,1,0,0,1,1,1,1,0,0,0,1,0,0,0,1,0,0,0,0,0,0
655,17,14,3,9,1,1,2,2,2,3,3,5,1,2,0,1,0,0,0,0,0,1,1,1,0,0,1,0,0,0,1,0,0,0,1,0,0,0,0,1,1,0
656,18,2,0,13,2,2,4,4,3,1,1,3,1,1,0,0,0,0,1,0,0,1,1,1,1,0,1,1,0,0,1,0,0,0,1,0,0,1,0,0,1,0
657,15,0,0,8,2,1,3,5,1,1,1,5,2,3,1,1,0,0,1,0,0,1,0,1,1,1,1,1,0,0,1,0,0,0,1,0,0,0,1,0,0,0
658,15,0,0,14,1,3,4,5,2,1,1,3,2,2,0,1,1,1,1,0,0,1,1,1,1,1,0,0,0,0,1,0,0,0,1,0,0,1,0,0,0,1
659,15,6,0,14,1,1,4,5,5,1,3,1,4,3,1,1,1,0,0,0,0,1,1,1,1,1,1,1,1,0,0,1,0,0,1,0,0,0,0,1,1,0
660,15,6,0,9,1,2,4,3,3,2,3,5,4,3,1,1,1,0,1,0,1,1,0,1,1,1,1,0,1,0,0,0,1,0,1,0,0,1,0,0,1,0
661,18,0,1,8,2,1,4,4,3,3,4,4,1,1,1,1,1,0,0,0,0,0,1,0,0,1,1,0,0,0,1,0,0,0,1,0,0,1,0,0,1,0
662,17,0,0,12,2,2,3,3,3,2,3,4,4,4,0,1,1,0,1,0,0,1,1,1,0,0,0,0,1,0,0,0,1,0,1,0,0,0,0,0,1,0
663,18,8,0,12,2,2,4,3,4,2,2,4,4,4,1,1,1,0,0,0,1,1,0,1,0,1,1,1,1,0,0,0,1,0,1,0,0,0,0,1,1,0
664,17,2,0,15,1,2,3,5,2,2,2,1,1,2,1,0,0,1,1,0,1,1,0,1,0,1,1,0,0,0,0,0,0,0,0,0,0,1,0,0,1,0
665,16,10,0,10,1,1,4,3,3,3,4,3,4,2,1,1,1,1,1,0,0,1,0,1,0,1,1,0,1,0,0,0,1,0,0,1,0,0,1,0,1,0
666,16,0,0,15,1,3,5,3,3,1,3,5,4,4,1,1,1,0,1,0,0,1,1,1,1,1,1,0,1,0,0,1,0,0,0,1,0,0,0,0,1,0
667,17,12,0,8,1,1,5,2,1,1,2,3,4,4,0,1,0,0,1,0,1,1,0,1,0,0,1,1,1,0,0,1,0,0,1,0,0,0,1,0,1,0
668,16,10,0,11,1,2,1,3,2,1,1,1,4,3,1,1,1,1,0,0,1,1,0,1,1,1,1,1,1,0,0,0,1,0,1,0,0,0,1,0,1,0
669,16,14,1,10,2,2,4,3,3,2,2,5,2,2,1,1,1,0,0,1,0,1,0,1,1,0,1,1,0,0,1,0,0,0,0,0,0,0,0,0,0,0
670,18,2,0,10,4,2,4,2,5,1,1,2,2,2,1,1,0,1,0,0,0,1,1,1,1,1,1,1,0,0,0,0,0,0,1,0,0,0,0,0,1,0
671,18,0,0,12,1,2,4,3,3,2,2,2,4,4,1,1,1,0,1,0,0,1,1,1,1,1,1,0,1,0,0,0,1,0,0,1,0,1,0,0,0,0
672,16,2,0,17,1,4,4,2,2,1,1,2,4,3,1,1,1,0,0,0,0,1,1,1,1,1,1,0,1,1,0,0,0,0,0,1,0,0,0,1,1,0
673,16,0,0,14,4,2,5,1,3,1,1,3,1,1,0,1,0,0,1,0,0,1,1,1,0,1,1,1,0,0,0,0,0,0,1,0,0,0,0,0,1,0
674,16,0,0,12,2,2,4,1,2,2,2,5,2,2,0,0,1,1,1,0,0,1,1,0,1,0,0,0,0,0,1,0,0,0,0,1,0,0,0,0,0,0
675,17,5,0,9,1,1,5,1,3,1,2,5,2,2,0,1,1,0,1,0,1,1,1,0,0,1,1,1,0,0,0,0,0,0,1,0,0,0,1,0,1,0
676,17,8,0,15,2,2,2,5,5,1,4,5,4,3,1,1,1,1,0,0,0,1,1,1,1,0,1,0,1,1,0,0,0,0,1,0,0,0,0,0,1,0
677,16,4,0,13,1,3,5,3,3,1,1,5,3,3,1,1,1,0,1,0,0,1,1,1,1,1,1,0,0,0,0,1,0,0,1,0,0,1,0,0,0,0
678,17,8,0,11,3,1,3,2,2,1,2,5,2,1,0,1,1,0,1,0,0,1,1,1,1,0,0,1,0,0,1,0,0,0,1,0,0,0,0,0,1,0
679,16,20,0,13,1,1,4,5,2,1,1,5,2,1,0,1,1,1,0,0,0,1,0,1,1,1,1,1,0,0,1,0,0,0,1,0,0,1,0,0,1,0
680,22,12,3,7,1,1,5,4,5,5,5,1,3,1,0,0,1,1,0,0,0,0,1,1,1,1,1,0,0,0,0,1,0,0,0,1,0,0,1,0,1,0
681,18,0,0,13,3,2,4,3,4,1,4,5,1,4,0,1,0,1,0,0,0,1,0,0,0,0,0,1,1,0,0,0,0,0,1,0,0,0,0,0,1,0
682,15,0,0,13,1,1,5,5,5,3,2,5,3,4,0,1,1,0,0,1,0,1,0,1,1,1,1,0,1,0,0,1,0,0,0,1,0,1,0,0,0,0
683,15,0,0,14,1,2,4,3,3,1,1,5,4,4,1,1,1,0,1,0,0,1,1,1,1,1,1,0,1,0,0,1,0,0,0,0,1,0,0,0,0,0
684,17,0,0,10,3,2,5,4,5,2,4,5,3,4,0,1,0,0,0,0,0,1,0,1,0,1,1,0,1,0,0,0,0,0,1,0,0,0,0,0,1,0
685,17,4,0,12,2,1,3,3,3,1,4,3,2,3,0,1,0,0,1,0,0,1,1,1,1,1,1,1,0,0,0,0,0,0,1,0,0,1,0,0,0,0
686,17,0,0,14,1,2,4,4,4,1,3,1,1,1,0,0,0,0,1,0,0,1,1,1,1,1,1,1,0,0,1,0,0,0,1,0,0,0,0,0,1,0
687,18,8,0,14,2,3,5,4,2,1,1,4,3,2,1,1,1,0,1,0,1,1,0,1,0,0,1,0,0,0,0,1,0,0,1,0,0,0,0,1,1,0
688,18,2,0,10,1,2,3,4,4,1,2,5,1,4,0,0,0,1,1,1,0,1,1,1,1,1,1,1,1,0,1,0,0,0,0,0,1,1,0,0,1,0
689,17,0,0,13,1,1,4,2,1,1,1,4,4,4,0,1,0,1,1,1,0,1,1,1,1,1,1,1,1,0,1,0,0,0,0,0,1,0,0,0,1,0
690,18,4,1,11,3,2,4,4,5,4,4,5,2,1,1,0,1,0,0,0,0,0,1,1,1,0,1,0,0,0,0,1,0,0,1,0,0,0,0,0,1,0
691,18,21,0,17,1,2,3,1,2,1,3,2,4,3,0,1,1,1,1,0,1,1,0,1,1,1,1,1,1,0,0,1,0,0,1,0,0,1,0,0,0,0
692,17,2,0,13,3,2,2,1,1,1,1,3,2,1,1,1,0,0,0,0,0,1,0,1,0,1,1,1,0,0,0,0,0,0,0,1,0,0,0,0,1,0
693,16,4,0,10,2,2,4,4,5,1,1,4,3,3,1,1,1,0,1,0,1,1,0,1,1,0,1,1,0,0,1,0,0,0,1,0,0,0,0,1,1,0
694,16,4,0,13,2,3,3,2,3,2,2,1,2,3,0,0,1,1,1,0,0,1,1,1,1,1,1,0,0,0,1,0,0,0,1,0,0,0,0,0,1,0
695,18,4,0,10,1,2,5,4,5,1,3,5,4,2,1,1,1,1,1,0,0,1,1,1,1,1,1,0,1,1,0,0,0,0,1,0,0,0,0,1,0,0
696,17,4,1,10,2,2,4,5,5,1,3,2,4,3,1,0,1,1,1,0,1,1,1,0,0,1,1,0,1,0,0,1,0,0,1,0,0,1,0,0,1,0
697,15,10,0,18,1,1,3,5,2,1,1,3,4,2,0,1,1,0,0,0,0,1,1,1,1,0,1,0,1,0,0,0,1,0,1,0,0,0,0,0,1,0
698,17,4,0,14,1,1,4,4,3,1,3,5,3,3,0,1,1,0,1,0,1,1,0,1,1,1,1,0,0,1,0,0,0,0,1,0,0,1,0,0,1,0
699,16,0,1,10,1,3,1,3,2,1,2,4,1,2,0,1,0,0,1,0,0,1,1,0,1,1,1,1,0,0,1,0,0,0,0,1,0,0,0,0,1,0
700,15,0,0,14,1,3,3,2,2,1,1,5,4,2,1,1,1,1,1,0,0,1,1,1,1,1,1,1,1,1,0,0,0,0,0,1,0,1,0,0,1,0
701,17,8,1,11,1,1,3,1,2,1,1,1,2,2,0,0,1,0,1,0,0,0,1,1,1,0,0,1,0,0,1,0,0,0,1,0,0,1,0,0,1,0
702,18,8,0,9,2,1,2,5,5,5,5,5,3,2,0,0,1,0,1,0,0,1,1,0,0,1,1,0,0,0,1,0,0,0,1,0,0,0,0,0,1,0
703,15,0,0,7,1,2,4,4,4,1,1,1,2,3,1,1,0,0,0,1,1,1,1,1,0,1,1,0,0,0,0,0,0,0,0,1,0,0,0,0,1,0
704,16,4,0,11,1,2,4,3,3,2,4,5,3,3,1,1,1,0,1,1,0,1,1,1,1,1,1,1,0,0,1,0,0,0,0,1,0,1,0,0,1,0
705,17,0,0,11,1,3,3,3,2,2,2,3,2,2,1,1,1,0,1,0,0,1,1,1,0,0,1,1,0,0,0,1,0,0,0,1,0,0,0,0,1,0
706,15,6,0,9,2,4,2,2,2,1,1,3,4,3,0,1,1,0,1,1,0,1,1,1,1,1,1,0,1,0,0,0,1,0,0,1,0,0,0,0,0,0
707,15,6,1,10,1,1,4,1,3,1,1,2,1,1,0,1,0,1,1,0,0,1,1,0,0,1,1,1,0,0,0,0,0,0,0,1,0,0,1,0,1,0
708,17,9,0,7,1,1,4,3,2,1,2,5,1,1,1,1,0,0,1,0,0,1,1,0,1,1,1,1,0,0,1,0,0,0,0,0,0,0,0,0,1,0
709,16,4,0,10,2,4,1,2,1,1,1,1,2,2,1,0,0,1,0,0,0,0,1,0,1,0,0,1,0,0,0,0,0,0,1,0,0,0,0,1,1,0
710,15,0,0,8,3,1,4,3,3,1,2,4,1,1,1,0,1,1,1,0,0,1,0,1,1,1,1,1,0,0,0,0,0,0,1,0,0,0,0,0,1,0
711,16,4,0,14,1,1,4,4,4,1,2,2,4,4,0,1,1,0,1,0,0,1,0,1,1,1,1,1,1,1,0,0,0,0,1,0,0,1,0,0,1,0
712,15,8,0,14,1,1,4,3,1,1,1,2,2,2,1,1,0,0,1,1,1,1,0,1,0,1,1,1,0,0,0,0,0,0,1,0,0,0,0,1,1,0
713,17,4,0,8,1,2,3,1,3,1,5,3,1,2,0,1,0,0,0,0,0,1,0,1,0,1,1,0,0,0,0,0,0,0,1,0,0,1,0,0,1,0
714,18,18,1,10,2,2,4,3,3,1,1,3,2,4,0,1,1,0,1,0,0,1,1,1,1,0,0,1,1,0,0,1,0,0,1,0,0,0,0,0,1,0
715,17,6,0,14,1,4,4,2,3,1,1,4,4,2,1,1,1,0,1,0,1,1,0,1,1,0,1,1,1,0,0,0,1,0,0,1,0,0,0,1,1,0
716,15,0,0,11,2,2,4,1,3,1,3,4,2,2,0,1,1,0,1,1,0,1,1,1,0,0,1,1,0,1,0,0,0,0,0,1,0,0,0,1,1,0
717,17,4,0,15,2,3,4,3,3,1,2,4,4,4,0,0,1,1,1,0,0,1,1,1,1,1,1,1,1,0,0,0,1,0,0,0,1,0,0,0,1,0
718,17,8,1,8,1,2,5,4,4,3,4,5,3,4,1,0,1,1,1,0,0,1,1,0,1,1,1,0,1,0,0,1,0,0,1,0,0,0,1,0,1,0
719,18,4,0,14,1,3,5,4,3,2,3,1,3,2,0,1,1,1,0,0,0,1,1,1,1,1,1,1,0,0,1,0,0,0,0,1,0,0,1,0,1,0
720,18,0,0,7,1,2,4,3,4,1,1,1,3,1,0,1,1,0,1,0,1,1,0,0,1,0,1,1,0,0,0,0,1,0,0,1,0,0,0,0,1,0
721,15,0,0,13,1,2,5,3,2,1,1,2,3,3,1,0,1,0,0,0,0,1,1,1,1,0,1,0,0,0,1,0,0,0,1,0,0,0,0,0,1,0
722,17,10,0,16,1,2,5,3,4,1,3,3,3,2,1,0,1,0,0,0,0,1,0,1,1,1,1,1,0,0,1,0,0,0,1,0,0,0,0,0,1,0
723,18,10,0,12,1,2,4,4,4,2,4,5,2,2,1,1,1,0,1,0,0,1,1,1,1,1,1,0,0,0,0,1,0,0,1,0,0,1,0,0,1,0
724,15,2,0,14,1,3,4,4,3,2,2,5,2,2,0,1,0,0,1,1,0,1,1,0,0,0,1,1,0,0,1,0,0,0,1,0,0,0,1,0,0,0
725,15,0,0,7,2,4,2,2,2,1,1,3,4,3,0,1,1,0,1,1,0,1,0,1,1,1,1,0,1,0,0,0,1,0,0,1,0,0,0,0,0,0
726,17,0,0,15,2,2,5,3,2,1,1,1,2,2,1,1,0,0,1,0,0,1,1,0,0,1,1,1,0,0,1,0,0,0,1,0,0,0,0,1,1,0
727,15,0,0,10,1,2,5,3,2,1,1,1,3,4,1,1,1,1,0,1,0,1,1,1,1,0,0,1,1,0,1,0,0,0,1,0,0,1,0,0,1,0
728,18,5,0,14,2,3,4,2,1,1,1,4,2,2,0,1,1,1,0,0,0,1,1,0,0,1,1,1,0,0,0,1,0,0,1,0,0,1,0,0,1,0
729,18,4,0,14,1,4,5,3,3,1,1,1,3,3,0,1,1,0,1,0,0,1,1,1,1,0,1,1,0,0,0,1,0,0,0,1,0,1,0,0,1,0
730,16,0,3,7,2,2,3,4,3,1,1,1,1,1,0,1,0,0,1,1,0,1,1,0,0,1,1,1,0,0,0,0,0,0,1,0,0,0,0,0,0,0
731,17,6,0,10,2,1,2,4,5,3,4,2,3,1,0,0,1,0,0,0,0,1,1,0,1,0,1,0,0,0,0,1,0,0,0,1,0,0,0,0,1,0
732,18,16,0,8,1,2,5,5,4,3,5,2,2,2,0,1,1,0,0,0,0,0,1,1,1,1,1,0,0,0,1,0,0,0,0,1,0,0,0,1,0,0
733,16,6,0,18,3,1,4,3,3,1,1,4,2,1,0,1,1,0,0,0,0,1,0,1,1,1,1,0,0,0,1,0,0,0,1,0,0,0,0,0,1,0
734,16,2,1,12,2,2,4,4,4,2,3,5,2,2,1,0,0,0,1,0,0,1,1,0,0,1,1,1,0,0,0,0,0,0,1,0,0,0,0,0,1,0
735,16,2,0,12,1,1,5,3,2,2,2,5,3,1,1,1,0,0,0,0,0,1,0,1,1,1,1,0,0,0,1,0,0,0,1,0,0,0,0,1,1,0
736,17,6,0,8,1,2,3,3,3,1,3,3,3,3,0,0,1,1,1,0,0,1,0,1,1,1,0,1,0,1,0,0,0,0,1,0,0,0,0,1,1,0
737,17,0,0,11,2,3,4,4,2,1,1,4,4,3,1,1,1,1,1,0,0,1,1,1,0,1,1,1,1,0,0,0,1,0,1,0,0,0,0,1,1,0
738,17,6,0,10,1,1,4,2,1,1,2,5,4,4,1,0,1,0,1,0,0,1,1,1,1,1,1,0,1,0,0,0,1,0,0,0,1,0,0,0,1,0
739,15,0,0,12,2,3,5,3,2,1,1,4,2,2,1,1,0,0,1,0,0,1,1,0,1,1,1,1,0,0,1,0,0,0,0,1,0,0,0,0,1,0
740,17,4,0,15,2,3,4,3,3,1,3,5,1,1,1,1,1,0,0,0,0,1,1,1,0,0,1,1,0,0,0,0,0,0,1,0,0,0,0,0,1,0
741,15,7,0,7,1,2,5,3,4,1,2,2,4,1,1,1,1,0,1,0,0,1,1,0,0,0,1,0,1,1,0,0,0,0,0,1,0,0,0,1,0,0
742,20,12,1,8,2,1,4,4,3,2,4,4,1,1,0,1,1,1,1,0,0,0,1,0,0,1,1,0,0,0,1,0,0,0,1,0,0,0,0,0,0,1
743,15,2,1,7,1,2,4,4,4,1,1,3,4,4,1,0,1,0,1,1,0,1,0,1,1,1,1,1,1,0,0,1,0,0,0,0,1,0,1,0,0,0
744,15,2,0,14,1,1,4,3,3,1,3,5,4,4,1,1,1,0,1,0,1,1,0,1,1,0,1,0,1,1,0,0,0,0,0,1,0,0,0,0,0,0
745,19,0,3,5,1,1,4,5,4,1,1,4,3,2,0,1,1,1,1,0,0,0,0,1,1,1,1,0,0,0,0,1,0,0,0,0,0,1,0,0,1,0
746,17,0,1,9,2,1,4,4,4,1,2,5,1,1,1,1,1,0,1,0,0,1,1,1,1,0,1,0,0,1,0,0,0,0,1,0,0,0,0,0,1,0
747,18,0,0,15,2,3,4,2,2,2,2,5,4,4,0,1,1,1,0,0,0,1,1,0,1,0,1,0,1,0,0,0,1,0,0,1,0,0,1,0,1,0
748,18,0,0,11,3,1,4,4,1,3,4,5,3,2,0,0,1,0,0,0,0,1,0,0,0,0,1,0,0,0,0,1,0,0,1,0,0,0,0,0,1,0
749,16,6,0,9,2,1,3,3,3,1,1,4,4,3,1,0,1,0,1,1,1,1,1,1,0,1,1,0,1,0,0,1,0,0,1,0,0,0,0,1,1,0
750,18,2,1,13,2,2,4,4,3,2,3,5,1,1,1,0,0,0,0,0,0,0,0,0,0,0,1,0,0,0,0,0,0,0,1,0,0,0,1,0,1,0
751,17,2,0,13,2,2,4,5,4,2,3,3,3,3,0,1,1,0,1,0,1,1,0,0,1,1,1,0,0,1,0,0,0,0,1,0,0,0,0,0,1,0
752,17,4,0,10,1,2,5,4,5,1,2,5,2,2,0,0,1,0,1,0,0,1,0,1,1,1,1,1,0,0,1,0,0,0,1,0,0,0,0,0,1,0
753,15,4,0,13,2,4,3,1,2,1,1,1,1,1,1,1,1,0,1,1,1,1,1,1,0,1,1,1,0,0,0,0,0,0,1,0,0,1,0,0,1,0
754,18,6,0,15,1,1,5,4,2,1,2,5,2,2,0,0,1,0,0,0,0,1,1,1,1,1,1,0,0,0,1,0,0,0,1,0,0,0,0,1,1,0
755,15,2,0,13,1,2,3,3,4,2,4,5,1,1,0,0,1,1,1,1,0,1,1,1,0,1,1,1,0,0,1,0,0,0,1,0,0,0,0,1,1,0
756,17,30,0,8,2,1,4,5,4,2,4,5,4,1,1,1,1,1,0,0,1,1,0,1,1,0,0,0,1,0,0,1,0,0,1,0,0,1,0,0,1,0
757,15,2,0,11,2,2,4,4,3,1,1,2,4,4,1,1,0,0,1,0,0,1,0,1,1,1,1,0,1,0,1,0,0,0,0,0,1,0,0,1,0,0
758,15,10,0,10,1,4,4,3,3,1,1,4,3,3,0,1,0,0,0,1,0,1,1,1,1,1,0,1,0,0,1,0,0,1,0,0,0,0,0,1,0,0
759,20,0,0,17,1,1,5,5,3,1,1,5,3,2,1,1,0,0,0,0,0,1,0,1,1,1,0,0,0,0,0,1,0,0,1,0,0,0,0,0,0,1
760,15,0,0,12,2,2,5,4,3,1,2,3,4,3,0,1,1,0,1,0,0,1,1,1,1,1,1,0,1,0,0,0,1,0,1,0,0,0,0,0,1,0
761,17,2,3,8,1,1,5,5,5,2,4,5,3,2,1,1,1,0,1,0,1,1,1,1,1,1,1,0,0,0,0,1,0,0,0,1,0,0,0,0,1,0
762,19,2,3,7,1,2,3,4,2,1,1,5,0,1,0,0,0,0,1,0,0,0,0,1,1,1,1,1,0,0,0,0,0,0,1,0,0,0,0,0,0,1
763,16,0,0,13,1,1,5,3,2,2,2,5,3,1,1,1,0,0,0,0,0,1,1,1,1,1,1,0,0,0,1,0,0,0,1,0,0,0,0,1,1,0
764,16,6,0,17,1,1,4,4,4,1,2,2,4,4,0,1,1,0,1,0,0,1,1,1,1,1,1,1,1,1,0,0,0,0,1,0,0,1,0,0,1,0
765,17,4,0,17,1,1,5,2,3,1,2,5,4,4,0,1,1,0,0,0,0,1,0,1,1,1,1,0,1,0,0,1,0,0,0,0,1,1,0,0,1,0
766,17,1,0,12,1,3,3,4,3,2,3,5,3,1,0,0,1,0,1,0,0,1,0,1,1,1,1,1,0,0,0,1,0,0,0,1,0,0,0,0,0,0
767,16,4,1,10,1,2,4,5,5,4,4,5,3,3,0,1,1,1,1,0,1,1,0,1,1,1,1,0,0,0,1,0,0,0,0,1,0,0,0,0,0,0
768,17,8,0,11,4,1,4,4,5,5,5,4,2,2,0,1,1,0,1,0,0,1,0,1,0,1,1,0,0,0,0,1,0,0,1,0,0,0,0,0,1,0
769,16,0,0,14,3,1,4,3,2,1,1,4,2,2,1,1,0,1,1,0,0,1,1,0,0,0,1,1,0,0,1,0,0,0,1,0,0,1,0,0,0,0
770,15,8,0,9,1,2,5,4,2,1,1,5,2,1,1,1,1,1,0,0,0,1,0,1,0,1,1,0,0,1,0,0,0,0,0,1,0,0,0,1,1,0
771,16,2,0,14,1,2,4,3,5,1,5,2,4,3,1,1,1,0,1,0,0,1,1,1,1,1,1,1,1,1,0,0,0,0,1,0,0,1,0,0,1,0
772,17,16,0,16,1,3,4,4,5,1,3,5,3,4,0,1,1,0,0,0,0,1,0,1,1,1,1,1,1,0,0,1,0,0,1,0,0,0,0,0,1,0
773,16,2,0,15,1,2,5,4,4,1,2,5,4,4,1,1,1,0,1,0,0,1,0,1,1,1,1,0,1,0,0,0,1,0,0,0,1,0,0,0,0,0
774,15,0,0,8,1,1,5,4,1,1,1,1,2,2,0,1,1,0,1,1,0,1,0,1,1,1,1,0,0,0,0,1,0,0,0,1,0,0,0,0,0,0
775,16,4,0,12,3,1,4,2,2,1,2,3,2,2,0,0,0,0,0,0,0,1,1,1,0,1,1,0,0,0,0,0,0,0,1,0,0,0,0,0,1,0
776,16,4,0,10,1,1,3,4,4,3,3,1,1,1,0,1,1,0,0,0,0,1,1,1,1,0,1,1,0,0,0,0,0,0,0,0,0,0,0,0,1,0
777,17,0,0,11,2,2,4,2,5,1,2,5,2,1,1,1,1,0,1,0,0,1,1,1,0,1,1,1,0,0,0,0,0,0,0,1,0,0,0,1,1,0
778,17,14,0,15,1,2,5,2,2,1,2,5,4,3,0,1,1,1,1,0,0,1,1,1,1,1,0,1,1,0,0,1,0,0,0,1,0,0,0,0,1,0
779,16,2,0,14,1,2,4,2,4,2,4,1,4,4,1,1,1,0,1,0,1,1,0,1,1,1,1,0,1,1,0,0,0,0,1,0,0,0,0,1,0,0
780,17,0,0,13,1,2,4,5,5,1,3,2,4,4,1,1,1,1,1,1,0,1,1,1,1,1,1,0,1,0,0,0,1,0,0,0,1,0,0,1,1,0
781,17,0,0,10,2,2,4,4,4,4,4,4,4,3,1,1,1,0,0,0,0,1,1,1,1,0,1,0,1,0,0,0,1,0,1,0,0,0,0,0,1,0
782,17,18,0,10,1,2,3,3,1,1,2,4,2,2,0,1,1,1,1,0,0,1,1,1,1,1,0,1,0,0,0,0,0,0,0,0,0,1,0,0,0,0
783,17,14,1,8,1,3,4,4,3,3,4,5,3,4,0,1,1,1,1,0,1,1,1,1,1,1,1,1,1,0,0,0,0,0,0,1,0,1,0,0,1,0
784,15,4,0,11,2,1,3,5,1,1,1,5,2,3,1,1,0,0,1,0,0,1,1,1,1,1,1,1,0,0,1,0,0,0,1,0,0,0,1,0,0,0
785,17,15,0,13,1,2,5,3,5,4,5,3,4,4,0,1,1,1,1,0,0,1,1,1,1,0,1,0,1,0,0,1,0,0,1,0,0,1,0,0,1,0
786,17,0,1,7,1,1,1,2,1,2,3,5,2,2,1,1,0,1,0,0,0,1,1,0,1,1,1,0,0,0,1,0,0,0,1,0,0,0,0,0,1,0
787,18,0,0,12,2,2,3,3,3,5,5,4,2,2,0,1,1,0,1,0,1,1,0,1,1,1,1,0,0,0,1,0,0,0,1,0,0,1,0,0,1,0
788,17,0,3,5,1,1,5,4,5,1,2,5,2,1,0,1,1,0,1,0,0,1,0,1,1,1,1,0,0,0,1,0,0,0,1,0,0,1,0,0,1,0
789,17,2,3,9,3,1,3,3,3,1,3,5,4,4,1,1,1,1,0,0,0,1,1,0,0,1,1,0,1,1,0,0,0,0,1,0,0,0,0,0,0,0
790,15,0,0,6,2,1,1,3,4,1,1,1,2,1,0,1,0,0,0,0,0,0,1,0,0,0,1,1,0,0,0,0,0,0,1,0,0,1,0,0,1,0
791,17,0,0,13,1,3,5,4,4,1,3,4,4,4,1,1,1,0,1,0,0,1,1,1,1,1,1,1,1,0,0,0,1,0,0,1,0,0,0,0,1,0
792,15,6,2,7,2,2,4,4,4,2,3,5,4,4,0,1,1,1,0,0,1,1,0,1,1,1,1,1,1,0,0,1,0,0,0,1,0,0,0,1,0,0
793,16,0,0,11,1,1,4,1,2,2,5,5,4,4,0,1,1,0,1,0,0,1,1,0,1,0,1,0,1,0,0,0,1,1,0,0,0,0,1,0,0,0
794,16,0,0,11,1,4,5,2,3,1,3,3,2,2,0,1,1,1,0,0,1,1,0,1,1,1,1,1,0,0,1,0,0,0,1,0,0,0,0,1,1,0
795,15,4,0,15,2,2,5,3,3,1,3,4,2,2,1,1,1,0,0,0,1,1,0,1,1,0,1,0,0,0,0,1,0,0,0,1,0,1,0,0,1,0
796,16,2,0,15,1,2,4,2,3,1,1,5,4,2,0,1,1,0,1,0,0,1,0,1,1,1,1,1,1,0,0,1,0,0,1,0,0,0,0,0,1,0
797,17,0,0,11,2,2,4,3,5,1,2,4,2,2,0,1,1,0,1,0,0,1,1,0,0,1,1,1,0,0,0,0,0,0,1,0,0,0,0,0,1,0
798,17,0,0,18,1,4,5,2,2,1,2,5,3,2,1,0,1,0,1,0,0,1,1,1,1,1,1,1,0,1,0,0,0,1,0,0,0,0,0,1,0,0
799,16,1,0,13,1,4,5,2,3,1,3,3,2,2,0,1,1,1,0,0,0,1,1,1,1,1,1,1,0,0,1,0,0,0,1,0,0,0,0,1,1,0
800,18,7,0,13,1,3,5,4,3,2,3,1,3,2,0,1,1,1,0,0,0,1,0,1,1,1,1,1,0,0,1,0,0,0,0,1,0,0,1,0,1,0
801,17,0,0,11,2,1,4,4,3,1,1,4,3,3,0,1,1,0,1,0,0,1,1,0,1,1,1,1,0,0,0,1,0,0,0,1,0,0,0,0,1,0
802,17,0,0,10,2,1,4,4,3,1,1,5,0,0,0,1,1,0,1,0,0,1,1,0,0,1,1,1,0,0,0,0,0,0,1,0,0,0,0,0,1,0
803,18,2,2,6,2,2,4,3,3,1,1,5,1,2,0,1,0,0,1,0,0,1,1,0,1,1,0,1,0,0,0,0,0,0,1,0,0,0,0,0,1,0
804,19,0,1,9,1,2,4,2,4,2,2,3,1,2,1,0,0,1,0,0,0,1,0,1,1,0,1,1,0,0,0,1,0,0,0,1,0,1,0,0,0,1
805,16,0,0,12,2,1,3,2,3,1,2,2,0,2,1,1,0,0,1,0,0,1,1,0,0,1,1,1,0,0,1,0,0,0,1,0,0,0,1,0,1,0
806,16,4,0,14,1,1,5,3,2,1,2,5,4,4,1,1,1,0,0,0,1,1,1,1,1,1,1,0,1,0,0,1,0,0,0,1,0,0,0,0,1,0
807,16,2,0,12,3,2,4,3,3,2,3,4,2,2,0,1,1,0,1,0,1,1,0,1,1,0,1,1,0,0,0,1,0,0,0,1,0,0,0,0,1,0
808,16,0,0,16,1,3,4,4,3,1,1,4,4,4,1,1,1,1,1,0,0,1,1,1,1,1,1,0,1,0,0,1,0,0,0,0,1,0,1,0,0,0
809,18,3,0,17,1,1,5,4,5,1,1,5,4,4,1,1,1,0,1,0,0,1,1,0,1,0,1,0,1,0,0,1,0,0,1,0,0,0,0,1,1,0
810,20,5,1,8,2,1,5,3,1,1,1,5,1,0,0,1,1,1,0,1,0,1,1,1,1,1,1,1,0,0,1,0,0,0,1,0,0,0,0,1,1,0
811,17,0,0,14,1,2,4,3,2,1,1,5,2,4,1,1,1,1,0,0,0,1,0,1,1,0,1,1,1,0,0,1,0,0,0,1,0,0,0,0,0,0
812,18,9,0,15,1,2,5,4,3,1,1,2,4,4,1,1,1,0,1,0,1,1,0,1,1,0,0,0,1,0,0,0,1,0,0,0,1,0,0,1,1,0
813,16,0,0,14,2,2,4,4,5,1,1,4,3,3,1,1,1,0,1,0,0,1,1,1,1,0,1,1,0,0,1,0,0,0,1,0,0,0,0,1,1,0
814,15,0,0,15,1,2,4,2,2,1,1,1,3,2,0,1,1,0,1,0,0,1,1,1,1,0,0,0,0,0,0,1,0,0,1,0,0,1,0,0,1,0
815,17,4,0,15,1,2,2,3,4,1,1,1,4,4,1,1,1,1,1,0,0,1,1,0,1,0,1,1,1,0,0,0,0,0,0,0,0,0,0,0,1,0
816,17,2,0,10,2,2,3,3,3,2,3,4,4,4,0,1,1,0,1,0,1,1,0,1,0,0,0,0,1,0,0,0,1,0,1,0,0,0,0,0,1,0
817,20,8,0,10,2,2,1,2,3,1,2,2,2,1,1,1,1,1,1,0,1,0,1,1,0,1,1,1,0,0,1,0,0,0,1,0,0,0,0,0,0,1
818,16,0,0,7,1,1,3,3,2,2,1,5,4,4,0,1,1,1,1,0,0,0,0,1,1,1,1,0,1,0,0,0,1,0,0,0,1,0,0,0,1,0
819,19,4,1,10,1,3,5,4,2,1,2,5,2,3,1,0,1,0,0,0,0,1,1,0,0,1,1,1,0,0,0,1,0,0,1,0,0,0,0,0,1,0
820,15,0,0,13,1,2,4,4,1,1,1,1,4,3,0,1,1,0,0,0,0,1,0,1,1,1,1,0,1,0,0,0,1,0,1,0,0,0,0,1,1,0
821,15,4,0,10,1,4,5,1,2,1,1,3,2,2,0,1,1,0,1,1,0,1,1,1,1,1,1,1,0,0,1,0,0,0,1,0,0,0,0,0,1,0
822,17,10,0,11,1,3,4,3,2,1,2,4,1,1,1,1,1,1,1,0,0,1,1,1,1,0,1,1,0,0,0,0,0,0,0,0,0,0,0,0,1,0
823,17,0,0,11,1,1,4,2,1,1,1,4,4,4,0,1,0,1,1,1,0,1,0,1,1,1,1,1,1,0,1,0,0,0,0,0,1,0,0,0,1,0
824,16,0,0,13,1,2,4,3,1,1,1,3,4,4,1,1,0,1,1,0,0,1,1,0,1,1,1,0,1,0,1,0,0,0,0,0,1,0,0,0,0,0
825,16,6,0,10,4,1,5,5,5,5,5,5,1,1,1,0,1,1,1,1,0,1,0,1,1,1,1,1,0,0,0,1,0,0,0,1,0,0,0,0,0,0
826,18,14,0,10,4,2,4,3,2,4,5,3,2,1,1,1,1,1,1,1,1,1,0,1,1,0,1,0,0,0,0,0,0,0,1,0,0,0,0,0,1,0
827,16,6,0,10,1,1,1,2,2,1,3,5,2,2,0,0,1,0,1,0,0,1,1,1,1,1,1,1,0,0,0,1,0,0,0,1,0,1,0,0,1,0
828,18,13,0,17,2,2,4,2,5,3,4,1,3,4,1,1,1,0,1,0,1,1,0,1,0,0,0,0,1,0,1,0,0,0,1,0,0,0,0,1,1,0
829,17,0,0,17,2,2,4,3,3,2,3,5,4,2,0,0,1,0,1,1,0,1,1,0,0,1,1,1,1,0,1,0,0,0,1,0,0,0,0,0,1,0
830,19,20,0,14,3,2,3,4,1,1,1,2,2,1,0,1,1,1,1,0,0,0,0,1,1,1,1,1,0,0,0,0,0,0,1,0,0,0,1,0,0,1
831,16,4,0,9,3,2,4,4,5,1,1,4,2,2,0,1,1,0,1,0,0,1,1,0,0,1,1,1,0,0,1,0,0,0,1,0,0,0,0,0,1,0
832,15,2,1,11,1,2,3,3,2,1,1,3,3,2,0,1,1,0,1,0,0,1,1,1,1,1,1,1,0,1,0,0,0,0,0,1,0,1,0,0,0,0
833,15,1,0,13,3,1,4,3,3,1,2,4,2,2,0,1,0,0,0,0,0,1,1,0,1,1,1,0,0,1,0,0,0,0,1,0,0,0,0,1,1,0
834,17,0,0,11,2,1,4,4,5,1,2,5,1,1,1,0,1,1,1,0,0,1,1,0,0,1,1,1,0,0,0,0,0,0,1,0,0,0,0,1,1,0
835,18,6,3,9,3,1,5,2,5,1,5,4,1,1,1,0,0,0,1,0,0,1,0,1,0,1,1,1,0,0,0,0,0,0,1,0,0,0,0,0,1,0
836,17,0,0,12,2,2,3,2,2,1,2,3,1,2,0,0,0,0,0,0,0,1,0,0,0,1,1,1,0,0,1,0,0,0,0,1,0,0,0,0,0,0
837,15,8,0,14,1,1,4,3,1,1,1,2,2,2,1,1,0,0,1,1,0,1,1,1,0,1,1,1,0,0,0,0,0,0,1,0,0,0,0,1,1,0
838,16,0,0,12,2,2,4,4,4,1,1,5,2,2,1,1,1,0,1,0,0,1,1,0,0,1,1,1,0,0,1,0,0,0,1,0,0,0,0,0,1,0
839,17,22,0,9,1,1,5,4,5,1,2,5,2,1,0,1,1,0,1,0,0,1,1,1,1,1,1,0,0,0,1,0,0,0,1,0,0,1,0,0,1,0
840,15,0,0,10,3,3,5,2,2,1,1,4,2,1,1,1,1,0,1,0,0,1,1,1,1,1,1,1,0,0,0,1,0,0,1,0,0,0,0,1,0,0
841,19,20,1,15,1,2,4,4,4,1,1,3,3,3,1,1,1,1,1,0,0,1,0,1,1,1,1,0,0,0,1,0,0,0,1,0,0,1,0,0,0,1
842,21,0,2,9,1,3,3,3,2,1,1,5,4,4,1,1,1,0,0,0,1,1,1,1,1,0,1,1,1,0,1,0,0,0,1,0,0,0,0,1,0,1
843,17,10,0,8,1,2,4,5,4,2,3,1,3,1,1,0,1,0,1,0,0,1,1,0,0,1,1,1,0,0,0,0,0,0,1,0,0,0,0,1,1,0
844,17,0,0,15,2,2,1,2,3,1,2,5,3,2,0,1,0,1,0,0,0,1,1,0,1,0,0,1,0,0,0,1,0,0,1,0,0,0,0,1,1,0
845,16,6,0,14,2,1,5,4,2,1,1,5,3,3,1,1,1,0,0,0,0,1,1,1,1,1,1,0,0,0,1,0,0,0,0,1,0,1,0,0,0,0
846,16,0,0,13,1,2,2,3,1,1,1,3,2,3,0,1,1,0,0,1,0,1,1,1,1,1,1,1,0,0,0,1,0,0,0,0,1,0,1,0,1,0
847,15,6,2,5,2,2,4,4,4,1,4,3,3,2,0,1,1,1,1,1,0,1,0,1,0,1,1,0,0,0,1,0,0,0,1,0,0,0,0,0,1,0
848,17,0,0,11,1,3,4,3,4,2,5,5,3,4,1,0,1,0,1,0,1,1,0,1,0,1,1,1,1,0,0,0,0,0,0,1,0,0,0,0,0,0
849,18,0,0,17,1,2,5,4,3,1,1,2,4,4,1,1,1,0,1,0,0,1,1,1,1,0,0,0,1,0,0,0,1,0,0,0,1,0,0,1,1,0
850,18,14,1,6,2,1,5,4,3,4,3,3,4,2,0,1,0,0,0,0,1,1,0,0,0,1,1,0,1,0,1,0,0,0,1,0,0,1,0,0,0,0
851,18,6,2,7,2,3,3,3,2,1,1,2,3,2,0,0,0,1,1,0,0,0,1,0,0,0,0,1,0,0,1,0,0,0,1,0,0,0,0,0,0,1
852,18,0,0,8,2,2,3,3,4,2,4,3,1,3,0,1,0,0,1,0,1,1,1,0,0,1,1,0,0,0,0,0,0,0,1,0,0,0,0,0,1,0
853,17,14,0,11,1,2,4,5,5,1,3,2,4,4,1,1,1,1,1,1,0,1,0,1,1,1,1,0,1,0,0,0,1,0,0,0,1,0,0,1,1,0
854,18,12,1,12,1,2,5,4,3,1,1,5,2,1,0,1,1,1,0,0,0,1,0,1,1,0,1,1,0,0,0,1,0,0,0,0,0,0,0,1,1,0
855,18,4,0,10,2,1,3,3,2,1,2,3,1,1,0,0,1,1,0,0,0,1,0,0,1,0,1,0,0,0,1,0,0,0,0,1,0,1,0,0,0,0
856,18,6,0,13,2,2,4,3,2,1,3,3,3,3,0,1,1,1,1,0,0,1,1,0,1,1,1,1,0,0,0,1,0,0,0,1,0,0,1,0,1,0
857,16,0,0,14,1,2,5,3,3,1,2,5,4,1,1,1,1,1,0,0,0,1,1,1,1,1,0,1,1,0,1,0,0,0,1,0,0,1,0,0,1,0
858,15,0,0,12,1,2,5,3,4,1,2,2,4,1,1,1,1,0,1,0,0,1,1,0,0,0,1,0,1,1,0,0,0,0,0,1,0,0,0,1,0,0
859,16,4,0,8,3,2,5,3,2,1,1,4,3,3,1,1,0,0,1,1,0,1,0,1,1,1,1,1,0,0,1,0,0,0,1,0,0,0,0,1,1,0
860,19,12,0,11,1,2,4,3,1,1,1,1,4,3,0,1,1,0,1,0,0,1,0,1,1,0,0,0,1,0,0,1,0,0,0,0,0,0,0,1,1,0
861,16,2,0,16,1,2,2,3,1,1,1,3,2,3,0,1,1,0,0,1,0,1,0,1,1,1,1,1,0,0,0,1,0,0,0,0,1,0,1,0,1,0
862,16,0,0,8,1,2,5,4,4,1,1,5,2,2,0,1,1,1,0,0,1,1,0,1,1,1,1,1,0,0,1,0,0,0,1,0,0,1,0,0,1,0
863,17,4,0,12,1,2,4,3,5,2,4,4,2,1,1,1,1,0,1,0,0,1,1,1,1,1,1,1,0,0,0,1,0,0,1,0,0,0,0,1,1,0
864,18,0,0,10,1,2,4,3,3,1,1,2,2,2,1,0,1,1,0,0,0,1,1,1,1,0,1,1,0,0,1,0,0,0,1,0,0,1,0,0,0,1
865,17,8,0,7,1,1,4,1,4,5,5,3,3,3,1,1,1,0,1,0,0,1,1,0,1,1,1,0,0,0,0,1,0,0,0,1,0,1,0,0,1,0
866,17,12,1,6,1,1,5,3,5,5,5,1,1,2,1,1,1,1,1,0,0,0,1,0,1,1,1,0,0,0,1,0,0,0,1,0,0,0,0,0,0,0
867,15,0,0,11,1,4,1,3,3,5,5,3,4,4,1,0,1,1,1,0,0,1,1,1,1,1,0,0,1,0,1,0,0,0,0,1,0,0,0,1,1,0
868,16,14,0,12,1,2,2,4,3,1,2,3,3,4,0,1,1,0,1,0,0,1,1,1,1,1,1,1,1,0,0,0,0,0,1,0,0,0,0,0,1,0
869,18,8,0,10,2,2,4,3,4,2,2,4,4,4,1,1,1,0,0,0,0,1,1,1,0,1,1,1,1,0,0,0,1,0,1,0,0,0,0,1,1,0
870,18,4,0,11,1,3,4,4,3,2,3,3,1,1,0,0,0,0,1,0,0,1,1,1,1,0,1,1,0,0,1,0,0,0,0,0,0,1,0,0,1,0
871,15,0,0,16,1,2,5,4,4,1,1,1,3,4,1,1,1,0,1,0,0,1,1,1,1,1,0,0,1,0,0,1,0,0,1,0,0,0,0,0,1,0
872,16,4,0,9,2,1,4,3,2,1,1,5,3,3,1,0,1,1,1,0,0,1,1,1,1,1,0,1,0,0,1,0,0,0,1,0,0,0,0,0,0,1
873,15,0,0,13,1,1,5,3,4,4,4,1,3,3,0,1,1,0,0,0,0,1,1,1,1,0,0,1,0,0,1,0,0,0,1,0,0,0,1,0,1,0
874,17,0,0,11,1,2,4,4,4,1,3,5,4,4,1,1,1,0,1,0,0,1,1,1,1,0,1,0,1,0,0,0,1,0,1,0,0,0,0,1,1,0
875,15,0,0,12,1,2,5,5,1,1,1,5,3,4,1,1,1,0,1,0,0,1,1,1,1,1,1,0,1,0,1,0,0,0,1,0,0,1,0,0,1,0
876,17,0,0,8,1,2,5,3,3,1,1,3,1,1,1,1,1,0,0,0,0,1,0,1,1,1,1,1,0,0,0,0,0,0,0,1,0,0,0,0,1,0
877,18,1,0,12,2,4,5,2,2,1,1,3,1,1,1,1,0,0,1,0,1,1,0,1,0,0,1,1,0,0,0,0,0,0,1,0,0,0,0,1,1,0
878,18,2,0,10,1,1,4,3,5,2,4,5,2,2,1,1,1,1,1,0,0,1,1,1,1,1,1,1,0,0,1,0,0,0,1,0,0,0,0,0,1,0
879,18,3,1,7,1,2,2,3,3,1,2,4,2,2,1,1,1,0,1,0,0,1,1,0,0,0,1,1,0,0,0,1,0,0,0,1,0,0,0,0,1,0
880,18,10,0,14,2,2,4,1,4,1,3,4,2,2,0,1,1,0,1,0,0,1,1,1,1,0,0,1,0,0,0,1,0,0,1,0,0,0,0,1,1,0
881,15,0,0,10,1,2,5,4,2,3,4,5,4,4,0,0,1,0,1,0,1,1,1,1,1,1,1,0,1,1,0,0,0,0,0,1,0,1,0,0,1,0
882,16,0,0,13,1,2,4,2,3,1,2,5,2,1,1,1,1,1,0,0,0,1,1,1,1,0,1,0,0,0,1,0,0,0,1,0,0,0,0,0,1,0
883,18,6,0,14,2,4,4,4,4,1,1,4,2,2,1,1,0,0,0,0,0,1,1,1,0,1,1,1,0,0,0,0,0,0,1,0,0,0,0,0,1,0
884,17,2,0,13,1,1,3,4,4,1,3,5,2,2,0,1,1,1,1,0,0,1,1,1,1,0,1,1,0,0,1,0,0,0,1,0,0,0,0,0,0,0
885,16,4,0,11,1,3,4,1,2,1,1,2,3,3,1,1,1,0,1,1,0,1,1,1,0,1,1,1,0,0,0,1,0,0,1,0,0,0,0,1,0,0
886,20,8,0,11,2,3,3,2,2,1,3,3,1,1,0,1,1,1,0,0,0,1,1,1,0,1,1,1,0,0,1,0,0,0,1,0,0,0,0,1,0,1
887,16,0,0,8,2,2,3,3,3,1,1,2,2,3,1,1,1,0,1,0,0,1,1,0,0,1,1,1,0,0,0,0,0,0,0,1,0,0,1,0,1,0
888,16,4,0,9,1,1,4,5,2,1,1,5,2,1,0,1,1,1,0,0,0,1,1,1,1,1,1,1,0,0,1,0,0,0,1,0,0,1,0,0,1,0
889,17,0,0,13,1,2,4,4,4,1,3,5,4,4,1,1,1,0,1,0,1,1,0,1,1,0,1,0,1,0,0,0,1,0,1,0,0,0,0,1,1,0
890,18,0,0,12,1,2,4,4,4,3,3,5,4,4,0,1,1,0,1,0,0,1,1,1,1,1,1,1,1,0,0,0,1,0,1,0,0,0,0,0,1,0
891,17,0,0,14,2,3,3,3,3,2,3,2,0,2,0,1,1,0,0,0,0,1,1,1,1,0,1,1,0,0,0,0,0,0,0,0,0,1,0,0,0,0
892,15,2,0,11,1,4,4,3,4,1,1,4,2,2,1,1,1,0,1,0,0,1,1,1,1,0,1,0,0,0,0,1,0,1,0,0,0,0,0,1,1,0
893,16,0,0,12,1,1,5,4,3,1,1,5,3,2,0,0,1,0,1,0,1,1,0,1,1,1,1,0,0,0,1,0,0,0,1,0,0,1,0,0,1,0
894,17,4,0,15,1,2,4,3,2,1,1,4,4,2,1,1,0,0,1,0,0,1,1,1,1,0,0,1,1,0,0,0,1,0,1,0,0,0,0,0,1,0
895,18,0,0,10,1,2,5,3,4,1,1,5,3,3,0,1,0,1,1,0,0,1,1,0,1,1,1,1,0,0,0,1,0,0,0,1,0,0,0,0,0,0
896,17,2,0,14,1,1,5,3,4,1,2,5,4,4,1,1,1,0,0,0,0,1,1,1,1,1,1,1,1,1,0,0,0,1,0,0,0,0,0,0,1,0
897,18,4,0,15,1,4,4,5,5,1,3,2,2,3,1,1,1,1,1,0,1,1,0,1,1,1,1,1,0,0,1,0,0,0,0,1,0,0,0,1,0,0
898,17,0,1,9,1,2,3,3,1,1,2,4,2,2,0,1,1,1,1,0,0,1,0,1,1,1,0,1,0,0,0,0,0,0,0,0,0,1,0,0,0,0
899,17,28,1,10,1,3,4,4,3,3,4,5,3,4,0,1,1,1,1,0,1,1,0,1,1,1,1,1,1,0,0,0,0,0,0,1,0,1,0,0,1,0
900,17,0,0,17,1,2,5,4,2,2,3,5,2,4,1,1,0,0,1,0,0,1,1,1,1,1,1,1,1,0,0,1,0,0,0,1,0,0,0,1,0,0
901,17,3,0,14,1,1,4,3,5,3,5,5,3,3,1,0,1,0,0,0,0,1,0,1,1,1,1,0,0,0,1,0,0,0,0,1,0,0,0,1,1,0
902,17,2,3,8,2,1,4,5,1,1,1,3,2,1,1,1,1,0,1,1,0,0,0,1,1,1,1,0,0,0,1,0,0,0,1,0,0,1,0,0,1,0
903,18,1,0,16,1,2,4,1,3,1,2,1,3,3,0,1,1,1,0,0,0,1,1,0,1,1,1,1,0,0,1,0,0,0,1,0,0,1,0,0,1,0
904,15,6,0,15,2,4,4,4,2,2,3,3,3,1,0,0,1,0,1,0,0,1,1,1,0,0,1,1,0,0,1,0,0,0,1,0,0,0,0,1,0,0
905,16,0,3,8,1,2,4,3,5,1,1,3,1,3,1,0,1,1,0,0,0,1,0,1,1,1,1,1,0,0,0,0,0,0,0,1,0,1,0,0,1,0
906,17,0,0,13,2,2,4,1,2,2,2,1,3,2,0,1,1,0,1,0,1,1,1,0,1,1,1,0,0,0,1,0,0,0,1,0,0,0,1,0,0,0
907,15,0,0,9,1,1,5,4,1,1,1,1,2,2,0,1,1,0,1,1,0,1,1,1,1,1,1,0,0,0,0,1,0,0,0,1,0,0,0,0,0,0
908,18,7,0,16,1,4,5,3,3,1,1,1,3,3,0,1,1,0,1,0,0,1,0,1,1,0,1,1,0,0,0,1,0,0,0,1,0,1,0,0,1,0
909,16,0,0,11,2,2,5,3,3,1,1,1,4,2,1,1,1,0,1,0,1,1,0,1,1,1,1,1,1,0,0,0,1,0,0,1,0,1,0,0,1,0
910,16,4,0,8,1,1,3,1,3,1,3,5,4,3,1,1,1,0,0,0,1,1,0,1,1,0,1,0,1,1,0,0,0,0,1,0,0,1,0,0,0,0
911,19,8,3,8,3,2,5,4,4,3,3,2,1,1,0,1,1,0,0,0,0,1,0,0,0,1,1,0,0,0,1,0,0,0,0,1,0,1,0,0,0,1
912,18,0,0,14,1,2,4,2,4,1,1,4,4,4,0,1,1,1,1,0,1,1,1,1,1,0,0,1,1,1,0,0,0,0,1,0,0,1,0,0,1,0
913,18,2,0,10,2,3,5,3,3,1,3,4,2,2,0,1,0,0,0,0,1,1,0,0,0,1,1,1,0,0,0,0,0,0,1,0,0,0,1,0,1,0
914,17,0,0,12,2,2,4,5,2,1,1,1,2,2,1,1,1,0,1,0,0,1,1,1,0,1,1,0,0,0,1,0,0,0,1,0,0,0,0,0,0,0
915,17,2,3,7,2,2,5,4,4,1,1,5,3,1,1,0,1,1,1,0,0,1,1,0,0,1,1,1,0,0,1,0,0,0,1,0,0,0,0,0,1,0
916,18,13,1,6,1,2,3,2,4,2,4,4,3,3,0,1,1,0,1,0,1,1,0,1,1,0,1,0,0,0,0,1,0,1,0,0,0,1,0,0,0,0
917,17,10,3,8,2,1,4,5,2,1,1,2,3,2,1,0,0,0,1,0,0,0,1,1,1,1,1,0,0,0,0,1,0,0,0,1,0,0,0,0,1,0
918,15,4,0,13,1,4,1,3,3,5,5,3,4,4,1,0,1,1,1,0,0,1,0,1,1,1,0,0,1,0,1,0,0,0,0,1,0,0,0,1,1,0
919,16,8,0,14,1,1,3,5,5,2,5,4,4,4,1,1,1,0,0,0,0,1,1,1,0,1,1,0,1,0,0,0,1,0,0,0,1,0,0,0,1,0
920,17,0,0,12,1,2,4,3,3,1,2,4,1,1,0,0,1,0,0,0,0,1,1,1,1,1,1,0,0,0,1,0,0,0,1,0,0,0,0,1,0,0
921,18,9,3,10,2,2,3,3,3,5,5,4,2,2,0,1,1,0,1,0,1,1,1,1,1,1,1,0,0,0,1,0,0,0,1,0,0,1,0,0,1,0
922,19,12,1,7,2,2,1,1,4,4,1,1,1,1,0,1,1,1,1,0,0,1,1,0,1,1,1,1,0,0,1,0,0,0,1,0,0,0,0,0,0,1
923,16,6,0,13,2,4,5,3,5,1,1,5,2,2,1,0,1,0,1,0,0,1,1,1,0,1,1,1,0,0,0,1,0,0,0,1,0,0,0,1,1,0
924,18,2,0,8,4,3,4,3,2,1,2,4,1,1,0,1,1,0,0,0,0,1,0,0,0,1,1,1,0,0,1,0,0,0,1,0,0,1,0,0,1,0
925,16,8,2,9,2,1,2,3,3,2,2,2,2,2,1,1,1,0,1,0,0,1,0,1,1,0,1,0,0,0,0,1,0,0,0,1,0,0,0,1,0,0
926,19,4,3,8,2,1,4,4,3,1,3,5,2,1,1,0,1,1,0,0,0,0,1,0,1,1,1,0,0,0,0,0,0,0,1,0,0,0,0,0,0,1
927,16,6,0,7,3,2,5,3,3,1,3,2,3,3,0,0,1,0,1,1,0,1,0,1,1,1,1,0,0,0,0,0,0,0,1,0,0,0,0,1,0,1
928,15,0,0,12,2,4,3,4,3,1,1,1,4,0,1,1,1,0,0,0,0,1,1,1,1,1,1,0,1,0,0,0,1,0,1,0,0,0,0,0,1,0
929,18,0,0,12,2,2,5,4,4,1,1,4,1,1,1,1,1,0,0,1,0,1,1,1,1,1,1,1,0,0,1,0,0,0,1,0,0,1,0,0,1,0
930,17,4,0,8,1,2,4,4,3,2,4,5,1,1,0,0,1,0,0,0,1,1,1,0,1,1,1,0,0,0,1,0,0,0,1,0,0,1,0,0,1,0
931,15,6,0,16,1,4,5,5,4,1,2,5,2,2,1,1,1,0,1,0,1,1,0,1,1,1,1,0,0,0,0,1,0,0,0,1,0,1,0,0,0,0
932,17,0,1,10,3,1,4,4,5,1,2,5,2,2,0,0,1,0,1,0,0,1,1,0,0,1,1,0,0,0,1,0,0,0,1,0,0,0,0,0,1,0
933,16,4,0,8,1,2,4,4,3,1,1,1,1,2,1,1,1,0,0,1,0,1,0,1,1,0,1,1,0,0,1,0,0,0,0,1,0,0,0,1,0,0
934,17,0,0,12,1,1,4,4,2,2,4,5,2,1,0,0,1,0,0,0,0,1,1,1,0,1,1,0,0,0,1,0,0,0,1,0,0,0,0,0,1,0
935,15,4,0,10,1,2,5,2,2,1,1,5,4,3,1,1,1,1,1,1,1,1,1,1,1,0,0,1,1,0,1,0,0,0,1,0,0,0,0,0,1,0
936,16,16,0,11,2,2,3,3,3,1,2,3,2,2,1,0,1,1,1,0,0,1,1,1,1,0,1,1,0,0,1,0,0,0,1,0,0,1,0,0,1,0
937,17,32,0,14,1,2,5,3,3,2,3,1,3,3,1,1,1,1,1,0,0,1,1,1,1,0,1,1,0,0,1,0,0,0,1,0,0,0,0,1,1,0
938,17,8,0,13,1,3,3,4,3,1,1,3,2,2,1,1,0,1,0,0,0,1,0,0,1,1,1,1,0,0,1,0,0,0,0,0,0,1,0,0,1,0
939,18,0,0,14,1,2,4,2,2,1,1,3,4,2,1,1,1,0,1,0,0,1,1,1,1,0,1,1,1,0,0,0,1,0,1,0,0,0,0,0,1,0
940,16,7,0,15,3,1,4,3,3,1,1,4,2,1,0,1,1,0,0,0,0,1,1,1,1,1,1,0,0,0,1,0,0,0,1,0,0,0,0,0,1,0
941,15,6,0,13,2,1,4,3,2,1,1,5,4,4,1,1,1,0,0,0,0,1,1,1,1,1,1,1,1,0,0,0,1,0,0,0,1,0,0,0,1,0
942,15,2,0,8,2,1,4,4,4,2,4,5,1,2,1,1,0,0,0,0,0,1,1,1,1,0,1,0,0,0,1,0,0,0,1,0,0,0,0,0,1,0
943,15,0,0,10,1,4,3,3,3,1,1,3,4,2,0,1,1,0,0,0,0,1,0,1,1,1,1,0,1,0,1,0,0,0,1,0,0,0,0,0,1,0
944,15,8,0,12,1,1,5,4,3,2,4,5,4,4,0,0,1,1,1,0,0,1,0,1,1,0,1,0,1,0,0,0,1,0,1,0,0,1,0,0,0,1
945,18,5,0,16,1,1,1,4,2,2,2,1,4,4,0,1,1,1,1,0,1,1,0,1,1,0,1,0,1,0,0,0,1,0,0,0,1,1,0,0,1,0
946,17,18,0,13,1,1,4,4,4,3,4,3,3,2,0,1,1,0,0,0,0,1,1,1,1,0,0,0,0,0,0,0,1,0,0,1,0,1,0,0,1,0
947,17,0,0,10,2,1,4,5,5,1,3,2,1,1,1,0,1,1,1,0,0,1,1,0,0,1,1,0,0,0,1,0,0,0,0,1,0,0,0,0,1,0
948,15,0,0,11,1,2,5,3,3,1,1,5,3,3,1,1,1,0,1,0,0,1,1,0,1,0,1,0,0,0,0,0,0,0,0,0,0,0,0,1,0,0
949,17,4,0,11,1,2,4,3,4,1,2,5,1,1,0,1,0,0,1,0,0,1,1,1,1,1,1,1,0,0,1,0,0,0,0,1,0,0,0,0,0,0
950,18,0,0,16,1,4,4,3,3,1,1,3,4,3,0,1,1,0,1,0,0,1,1,1,1,1,1,1,1,0,1,0,0,0,1,0,0,0,0,1,0,0
951,17,8,0,13,3,3,4,2,3,1,1,1,2,2,0,1,1,1,1,0,0,1,1,1,1,1,1,1,0,0,1,0,0,0,0,1,0,0,0,1,0,0
952,18,0,1,6,2,2,1,1,1,1,1,5,1,1,1,1,0,0,0,0,0,1,0,0,1,1,1,1,0,0,1,0,0,0,1,0,0,0,0,0,1,0
953,16,1,0,9,3,2,3,4,5,1,2,1,2,2,0,1,1,0,1,0,0,0,1,0,0,1,1,1,0,0,1,0,0,0,1,0,0,0,0,0,0,0
954,16,2,0,13,2,2,5,3,3,1,1,1,4,2,1,1,1,0,1,0,0,1,1,1,1,1,1,1,1,0,0,0,1,0,0,1,0,1,0,0,1,0
955,19,12,1,14,1,3,5,4,3,1,2,5,3,1,0,1,0,0,0,0,1,1,0,1,0,1,0,1,0,0,0,1,0,0,0,0,0,1,0,0,0,1
956,16,4,0,7,1,4,4,3,3,1,2,5,3,1,0,1,1,0,1,1,1,1,0,1,1,1,1,1,0,0,0,1,0,0,1,0,0,0,0,0,1,0
957,18,0,0,18,2,3,5,3,2,1,1,4,1,1,0,1,1,0,0,0,0,1,0,0,1,0,1,1,0,0,0,0,0,0,0,1,0,0,0,0,0,0
958,16,0,0,10,2,2,4,3,3,1,1,5,1,2,0,1,0,0,0,0,0,1,1,0,0,1,1,0,0,0,1,0,0,0,1,0,0,0,0,0,0,0
959,18,5,0,18,1,3,4,3,3,1,2,2,2,2,0,1,1,0,1,0,1,1,0,1,1,1,1,1,0,0,0,0,0,0,0,0,0,0,1,0,1,0
960,16,12,1,13,1,1,5,3,4,1,1,5,2,2,0,1,0,0,0,0,0,1,1,1,1,1,0,1,0,0,1,0,0,0,1,0,0,1,0,0,1,0
961,18,0,0,7,2,3,4,4,4,1,1,3,2,1,0,0,1,1,1,0,1,1,0,1,1,1,1,1,0,0,1,0,0,0,1,0,0,0,0,0,0,1
962,20,4,2,15,2,3,5,4,3,1,1,3,4,2,0,0,1,1,1,0,1,1,0,0,1,1,1,1,1,1,0,0,0,0,1,0,0,0,0,0,0,1
963,15,0,0,13,1,2,4,5,2,1,1,5,4,3,1,1,1,1,1,0,0,1,1,1,0,1,1,0,1,0,0,0,1,0,0,0,0,0,0,0,1,0
964,15,2,0,9,1,1,5,5,5,3,2,5,3,4,0,1,1,0,0,1,0,1,1,1,1,1,1,0,1,0,0,1,0,0,0,1,0,1,0,0,0,0
965,16,0,0,14,2,1,5,4,5,1,4,2,1,2,1,1,1,0,0,0,0,1,1,0,0,0,1,1,0,0,1,0,0,0,1,0,0,0,0,1,1,0
966,17,0,1,6,1,3,4,3,4,1,1,5,1,1,1,1,0,1,1,0,0,1,0,1,1,1,1,1,0,0,0,0,0,0,1,0,0,0,0,1,1,0
967,17,0,0,15,1,3,4,4,3,1,2,5,4,4,0,1,1,0,1,0,0,1,1,0,1,0,1,0,1,0,1,0,0,0,0,1,0,1,0,0,1,0
968,17,6,0,12,1,1,5,2,1,1,2,3,4,4,0,1,0,0,1,0,0,1,1,1,0,0,1,1,1,0,0,1,0,0,1,0,0,0,1,0,1,0
969,17,2,0,11,1,2,4,2,3,2,2,2,2,1,1,1,1,0,0,0,0,1,1,1,1,0,1,1,0,0,1,0,0,0,1,0,0,1,0,0,0,0
970,17,0,0,15,2,3,3,2,3,1,2,3,2,1,1,1,1,1,0,0,0,1,1,1,1,1,0,1,0,0,1,0,0,0,1,0,0,0,0,0,1,0
971,18,2,0,12,2,2,5,3,3,1,2,1,2,1,1,1,1,0,1,0,0,1,1,1,1,1,1,1,0,0,0,1,0,0,1,0,0,0,0,0,1,0
972,17,4,0,14,2,3,4,3,3,1,2,4,4,4,0,0,1,1,1,0,1,1,0,1,1,1,1,1,1,0,0,0,1,0,0,0,1,0,0,0,1,0
973,16,0,2,10,1,2,4,4,4,1,3,5,1,1,0,1,0,1,0,0,0,1,1,1,1,0,1,0,0,0,0,1,0,0,1,0,0,0,0,0,1,0
974,16,0,0,14,3,2,4,3,3,2,3,4,2,2,0,1,1,0,1,0,0,1,1,1,1,0,1,1,0,0,0,1,0,0,0,1,0,0,0,0,1,0
975,15,2,0,9,1,3,4,2,2,1,1,5,4,4,1,1,1,0,1,0,1,1,0,1,1,1,1,1,1,0,0,0,1,0,0,1,0,0,0,0,1,0
976,18,2,0,5,1,4,5,5,5,5,5,5,4,4,1,1,1,1,1,0,0,0,1,0,1,0,1,0,1,0,0,0,0,1,0,0,0,1,0,0,1,0
977,16,6,0,16,2,3,4,2,2,1,1,4,4,4,1,1,1,1,0,0,0,1,1,0,0,1,1,1,1,0,0,0,1,0,0,0,1,0,0,0,1,0
978,18,0,1,9,3,2,4,3,3,1,1,4,2,2,1,1,0,1,0,0,0,1,1,0,0,1,1,1,0,0,0,0,0,0,1,0,0,0,0,0,1,0
979,17,0,1,6,1,1,5,4,4,2,2,5,1,1,0,0,1,0,1,0,0,0,1,0,0,1,1,1,0,0,1,0,0,0,1,0,0,0,1,0,0,0
980,17,2,0,14,2,2,4,4,4,1,3,1,3,2,0,1,1,0,0,0,1,1,0,1,1,0,1,1,0,0,1,0,0,0,1,0,0,0,0,1,1,0
981,17,2,0,12,2,2,1,2,3,1,2,5,3,2,0,1,0,1,0,0,0,1,0,0,1,0,0,1,0,0,0,1,0,0,1,0,0,0,0,1,1,0
982,16,2,0,16,1,2,4,2,3,1,1,5,4,2,0,1,1,0,1,0,1,1,1,1,1,1,1,1,1,0,0,1,0,0,1,0,0,0,0,0,1,0
983,16,8,0,18,1,1,3,5,5,2,5,4,4,4,1,1,1,0,0,0,1,1,0,1,0,1,1,0,1,0,0,0,1,0,0,0,1,0,0,0,1,0
984,18,0,0,14,2,3,5,3,3,1,3,4,2,2,0,1,0,0,0,0,0,1,1,0,0,1,1,1,0,0,0,0,0,0,1,0,0,0,1,0,1,0
985,16,0,0,11,1,1,4,3,2,3,4,5,3,3,1,1,1,0,1,0,0,1,1,1,0,1,1,0,0,0,0,1,0,0,0,1,0,0,0,1,1,0
986,16,0,0,13,1,2,4,2,4,2,4,1,4,4,1,1,1,0,1,0,0,1,1,1,1,1,1,0,1,1,0,0,0,0,1,0,0,0,0,1,0,0
987,17,23,0,13,1,2,5,2,2,1,2,5,4,3,0,1,1,1,1,0,1,1,0,1,1,1,0,1,1,0,0,1,0,0,0,1,0,0,0,0,1,0
988,16,2,0,12,1,2,5,3,3,1,1,5,3,4,1,1,1,0,1,1,1,1,1,1,1,0,0,0,1,0,0,1,0,0,1,0,0,1,0,0,1,0
989,15,0,0,9,1,2,4,4,2,3,3,2,2,1,0,0,1,0,1,1,0,1,1,0,1,1,1,1,0,0,0,0,0,0,1,0,0,1,0,0,1,0
990,18,75,0,10,2,2,4,1,1,1,1,5,3,2,0,0,1,1,0,0,0,0,0,1,0,1,0,1,0,0,1,0,0,0,0,1,0,1,0,0,1,0
991,16,0,0,9,1,2,4,3,5,2,4,4,2,2,0,1,1,0,0,0,0,0,1,1,1,1,1,0,0,0,1,0,0,0,1,0,0,0,0,0,0,0
992,18,4,0,15,1,3,5,3,2,1,2,4,4,3,0,1,1,1,0,0,0,1,1,1,0,1,1,0,1,0,0,0,1,0,0,1,0,0,0,0,1,0
993,16,6,0,9,2,1,4,3,2,1,4,5,1,1,0,1,0,0,1,0,1,1,0,1,1,1,1,1,0,0,0,0,0,0,1,0,0,1,0,0,1,0
994,15,2,0,13,2,2,5,3,3,1,3,4,2,2,1,1,1,0,0,0,1,1,1,1,1,0,1,0,0,0,0,1,0,0,0,1,0,1,0,0,1,0
995,17,4,0,11,2,2,4,5,2,1,1,1,2,2,1,1,1,0,1,0,1,1,0,1,0,1,1,0,0,0,1,0,0,0,1,0,0,0,0,0,0,0
996,15,0,0,11,1,1,5,4,2,1,1,5,4,4,0,1,1,0,1,0,1,1,1,1,1,1,1,0,1,1,0,0,0,1,0,0,0,0,1,0,0,0
997,18,0,0,9,1,1,4,3,3,2,3,3,1,3,0,1,1,1,0,0,0,0,1,0,1,0,1,0,0,0,0,0,0,0,0,1,0,0,0,0,1,0
998,18,0,0,19,2,3,5,4,4,1,1,1,4,4,0,1,1,0,0,0,0,1,0,0,0,0,1,1,1,0,1,0,0,0,1,0,0,0,0,1,1,0
999,19,0,0,6,1,1,1,4,4,1,1,5,1,1,0,1,0,0,1,0,0,0,1,0,1,0,0,1,0,0,0,0,0,0,1,0,0,0,0,0,1,0
1000,17,4,0,10,1,3,3,2,3,1,1,4,3,3,1,0,0,0,0,0,0,1,0,1,1,1,1,1,0,0,1,0,0,0,1,0,0,1,0,0,1,0
1001,16,0,0,11,1,2,5,4,3,1,1,1,2,2,1,1,0,1,0,0,0,1,1,0,0,0,1,1,0,0,1,0,0,0,0,1,0,0,0,0,0,0
1002,17,2,0,9,3,1,5,5,3,1,1,3,2,1,1,1,0,1,1,0,0,0,1,0,0,1,1,1,0,0,0,0,0,0,1,0,0,0,0,0,1,0
1003,15,0,0,8,1,1,3,3,4,2,3,5,4,4,0,1,1,0,1,1,1,1,0,1,1,1,1,1,1,0,0,1,0,0,0,1,0,0,0,0,1,0
1004,16,0,0,14,1,1,4,5,4,1,1,4,3,3,1,1,1,1,0,0,0,0,1,0,1,1,1,1,0,0,1,0,0,0,1,0,0,0,0,1,1,0
1005,15,2,0,12,1,1,4,2,2,1,2,5,2,2,0,1,1,0,1,0,1,1,0,1,1,1,1,0,0,0,1,0,0,0,1,0,0,1,0,0,1,0
1006,19,4,1,7,2,2,4,3,3,1,1,3,1,1,0,1,1,1,1,0,0,1,1,0,0,1,1,1,0,0,0,0,0,0,1,0,0,0,0,0,0,1
1007,16,5,0,10,1,2,5,3,2,1,3,2,4,4,0,1,0,0,1,0,0,1,1,0,0,0,0,0,1,0,0,0,0,0,1,0,0,1,0,0,1,0
1008,15,0,0,16,2,1,4,3,2,1,1,5,4,4,1,1,1,0,0,0,0,1,0,1,1,1,1,1,1,0,0,0,1,0,0,0,1,0,0,0,1,0
1009,17,4,0,6,1,2,4,3,4,1,4,4,3,3,1,0,1,0,0,0,0,1,0,1,1,1,1,0,0,0,1,0,0,0,1,0,0,0,0,1,0,0
1010,15,2,0,14,1,2,3,3,3,1,2,2,4,4,0,1,1,0,1,0,0,1,1,1,1,1,1,1,1,0,0,0,1,1,0,0,0,0,0,1,1,0
1011,16,12,0,11,1,2,2,3,5,1,4,3,3,3,0,1,1,0,1,0,0,1,0,1,1,0,0,1,0,0,1,0,0,0,0,1,0,1,0,0,1,0
1012,18,2,0,9,1,4,4,5,5,2,4,5,2,2,1,1,1,0,1,0,0,1,0,1,1,0,1,0,0,0,1,0,0,0,1,0,0,0,0,0,1,0
1013,16,2,0,10,2,2,5,4,4,2,4,5,2,2,1,1,1,0,1,0,0,1,1,1,1,0,1,0,0,0,1,0,0,0,1,0,0,0,0,1,1,0
1014,17,21,0,13,1,1,5,3,2,1,2,3,2,2,0,1,1,0,1,0,0,1,1,1,0,1,1,1,0,0,1,0,0,0,1,0,0,0,0,1,1,0
1015,18,9,1,7,1,2,4,3,2,1,1,5,1,1,0,1,1,1,1,0,0,1,1,0,0,1,1,1,0,0,0,0,0,0,1,0,0,0,1,0,1,0
1016,18,0,0,11,2,2,4,3,2,1,3,3,3,3,0,1,1,1,1,0,0,1,0,0,1,1,1,1,0,0,0,1,0,0,0,1,0,0,1,0,1,0
1017,16,6,0,10,2,4,5,3,5,1,1,5,2,2,1,0,1,0,1,0,1,1,0,1,0,1,1,1,0,0,0,1,0,0,0,1,0,0,0,1,1,0
1018,17,2,0,11,1,1,4,2,5,2,5,5,3,3,1,1,1,0,1,0,1,1,1,1,1,1,1,1,0,0,0,0,0,0,1,0,0,0,0,0,1,0
1019,18,0,0,8,1,2,4,3,3,1,1,2,2,2,1,0,1,1,0,0,0,1,0,1,1,0,1,1,0,0,1,0,0,0,1,0,0,1,0,0,0,1
1020,18,2,0,12,1,2,4,3,4,1,3,5,2,1,0,0,1,1,1,0,0,1,1,1,1,0,0,1,0,0,1,0,0,0,1,0,0,0,0,0,1,0
1021,16,8,0,9,3,1,3,3,4,3,5,3,3,3,1,1,1,0,1,0,1,1,0,1,0,0,1,0,0,0,0,0,1,0,1,0,0,1,0,0,0,0
1022,17,0,1,7,3,1,5,2,1,1,2,1,1,1,0,1,1,1,1,0,1,1,0,0,0,1,1,1,0,0,1,0,0,0,0,1,0,0,0,1,1,0
1023,16,18,0,9,2,2,3,4,2,1,1,5,1,1,0,1,1,0,1,0,1,1,0,1,1,0,1,0,0,0,1,0,0,0,1,0,0,1,0,0,1,0
1024,16,0,0,14,1,2,4,4,2,1,1,3,4,4,0,1,1,1,1,0,1,1,0,1,1,1,1,1,1,1,0,0,0,1,0,0,0,0,0,1,1,0
1025,16,1,0,14,3,2,5,3,4,1,1,2,2,2,1,1,1,0,1,0,0,1,1,0,0,1,1,1,0,0,1,0,0,0,0,1,0,0,0,0,0,0
1026,19,0,1,5,2,1,5,5,5,2,3,2,1,1,0,1,0,0,0,0,0,0,1,0,1,1,1,1,0,0,0,0,0,0,0,1,0,0,1,0,0,0
1027,18,0,2,11,1,1,2,3,5,2,5,4,1,1,0,1,1,1,0,0,0,0,1,1,1,0,1,0,0,0,1,0,0,0,1,0,0,0,0,0,1,0
1028,17,0,0,17,1,4,5,2,2,1,2,5,3,2,1,0,1,0,1,0,1,1,0,1,1,1,1,1,0,1,0,0,0,1,0,0,0,0,0,1,0,0
1029,17,0,0,8,4,2,5,3,5,1,5,5,1,1,1,1,0,1,0,0,0,0,1,1,0,0,1,0,0,0,1,0,0,0,0,1,0,0,0,0,1,0
1030,16,0,0,12,1,2,4,4,4,1,1,3,2,2,0,1,1,0,0,0,0,1,0,1,1,0,1,0,0,0,1,0,0,0,1,0,0,1,0,0,1,0
1031,16,2,0,12,1,2,4,2,3,1,2,3,3,3,1,1,1,1,0,0,1,1,0,1,1,1,1,0,0,0,0,1,0,0,1,0,0,1,0,0,1,0
1032,16,14,1,10,2,2,4,3,3,2,2,5,2,2,1,1,1,0,0,1,0,1,1,1,1,0,1,1,0,0,1,0,0,0,0,0,0,0,0,0,0,0
1033,18,5,0,12,3,1,2,5,5,1,1,1,4,4,1,1,1,1,1,0,1,1,1,0,0,1,1,0,1,0,0,0,0,0,0,1,0,0,1,0,1,0
1034,16,6,1,12,1,1,4,4,4,3,5,5,2,1,1,1,0,1,0,0,0,1,0,1,1,0,1,0,0,0,0,0,0,0,1,0,0,0,0,0,1,0
1035,16,2,0,16,3,2,5,4,3,1,2,1,4,3,1,1,1,0,1,0,0,1,0,1,1,0,1,1,1,0,0,0,1,0,0,1,0,0,0,0,1,0
1036,16,2,0,11,1,2,2,3,3,2,2,4,3,1,0,1,1,0,1,0,0,1,1,1,1,1,0,1,0,0,0,1,0,0,1,0,0,0,0,0,1,0
1037,15,4,0,13,1,2,4,5,4,1,1,1,3,3,0,1,1,1,1,0,0,1,1,0,0,1,1,1,0,0,0,1,0,0,1,0,0,0,0,1,1,0
1038,16,0,0,13,1,2,4,4,4,1,1,3,2,2,0,1,1,0,0,0,0,1,1,1,1,0,1,0,0,0,1,0,0,0,1,0,0,1,0,0,1,0
1039,15,8,2,10,2,3,4,2,1,2,3,3,3,3,1,1,1,1,1,0,1,1,0,1,0,1,1,1,0,0,0,1,0,0,0,1,0,0,0,1,0,1
1040,15,4,0,10,1,2,5,4,2,1,1,5,2,1,1,1,1,1,0,0,0,1,1,1,0,1,1,0,0,1,0,0,0,0,0,1,0,0,0,1,1,0
1041,16,0,0,16,3,2,5,3,2,1,1,1,1,1,0,1,0,0,1,0,0,1,1,0,0,0,1,1,0,0,0,0,0,0,1,0,0,0,0,0,0,0
1042,16,4,0,9,4,1,3,2,1,1,1,2,2,1,0,1,0,0,0,0,0,1,1,1,1,1,1,0,0,0,0,0,0,0,1,0,0,0,0,0,1,0
1043,17,14,1,12,3,2,5,2,4,1,4,5,1,3,1,1,1,0,1,0,0,1,1,1,0,1,1,0,0,0,1,0,0,0,1,0,0,0,0,0,0,0
